bytes_in,bytes_out,creation_time,end_time,src_ip,src_ip_country_code,protocol,response.code,dst_port,dst_ip,rule_names,observation_name,source.meta,source.name,time,detection_types,session_duration,avg_packet_size,bytes_ratio
5602,12990,2024-04-25 23:00:00+00:00,2024-04-25 23:10:00+00:00,147.161.161.82,AE,HTTPS,200,443,10.138.69.97,Suspicious Web Traffic,Adversary Infrastructure Interaction,AWS_VPC_Flow,prod_webserver,2024-04-25T23:00:00Z,waf_rule,600.0,30.986666666666668,2.3184008566839194
30912,18186,2024-04-25 23:00:00+00:00,2024-04-25 23:10:00+00:00,165.225.33.6,US,HTTPS,200,443,10.138.69.97,Suspicious Web Traffic,Adversary Infrastructure Interaction,AWS_VPC_Flow,prod_webserver,2024-04-25T23:00:00Z,waf_rule,600.0,81.83,0.5882961860705852
28506,13468,2024-04-25 23:00:00+00:00,2024-04-25 23:10:00+00:00,165.225.212.255,CA,HTTPS,200,443,10.138.69.97,Suspicious Web Traffic,Adversary Infrastructure Interaction,AWS_VPC_Flow,prod_webserver,2024-04-25T23:00:00Z,waf_rule,600.0,69.95666666666666,0.4724453642964886
30546,14278,2024-04-25 23:00:00+00:00,2024-04-25 23:10:00+00:00,136.226.64.114,US,HTTPS,200,443,10.138.69.97,Suspicious Web Traffic,Adversary Infrastructure Interaction,AWS_VPC_Flow,prod_webserver,2024-04-25T23:00:00Z,waf_rule,600.0,74.70666666666666,0.4674108750450126
6526,13892,2024-04-25 23:00:00+00:00,2024-04-25 23:10:00+00:00,165.225.240.79,NL,HTTPS,200,443,10.138.69.97,Suspicious Web Traffic,Adversary Infrastructure Interaction,AWS_VPC_Flow,prod_webserver,2024-04-25T23:00:00Z,waf_rule,600.0,34.03,2.1283897655890915
3906,3488,2024-04-25 23:00:00+00:00,2024-04-25 23:10:00+00:00,136.226.77.103,CA,HTTPS,200,443,10.138.69.97,Suspicious Web Traffic,Adversary Infrastructure Interaction,AWS_VPC_Flow,prod_webserver,2024-04-25T23:00:00Z,waf_rule,600.0,12.323333333333334,0.8927565907345789
17748,29208,2024-04-25 23:00:00+00:00,2024-04-25 23:10:00+00:00,165.225.26.101,DE,HTTPS,200,443,10.138.69.97,Suspicious Web Traffic,Adversary Infrastructure Interaction,AWS_VPC_Flow,prod_webserver,2024-04-25T23:00:00Z,waf_rule,600.0,78.26,1.6456138373992901
4767917,291520,2024-04-25 23:00:00+00:00,2024-04-25 23:10:00+00:00,155.91.45.242,US,HTTPS,200,443,10.138.69.97,Suspicious Web Traffic,Adversary Infrastructure Interaction,AWS_VPC_Flow,prod_webserver,2024-04-25T23:00:00Z,waf_rule,600.0,8432.395,0.06114199111645796
10538,15514,2024-04-25 23:00:00+00:00,2024-04-25 23:10:00+00:00,165.225.209.4,CA,HTTPS,200,443,10.138.69.97,Suspicious Web Traffic,Adversary Infrastructure Interaction,AWS_VPC_Flow,prod_webserver,2024-04-25T23:00:00Z,waf_rule,600.0,43.42,1.4720561723123635
9656,6380,2024-04-25 23:00:00+00:00,2024-04-25 23:10:00+00:00,147.161.131.1,AT,HTTPS,200,443,10.138.69.97,Suspicious Web Traffic,Adversary Infrastructure Interaction,AWS_VPC_Flow,prod_webserver,2024-04-25T23:00:00Z,waf_rule,600.0,26.726666666666667,0.6606606606606606
57208,32874,2024-04-25 23:10:00+00:00,2024-04-25 23:20:00+00:00,165.225.33.6,US,HTTPS,200,443,10.138.69.97,Suspicious Web Traffic,Adversary Infrastructure Interaction,AWS_VPC_Flow,prod_webserver,2024-04-25T23:10:00Z,waf_rule,600.0,150.13666666666666,0.5746298659301858
18162,30492,2024-04-25 23:10:00+00:00,2024-04-25 23:20:00+00:00,136.226.67.101,US,HTTPS,200,443,10.138.69.97,Suspicious Web Traffic,Adversary Infrastructure Interaction,AWS_VPC_Flow,prod_webserver,2024-04-25T23:10:00Z,waf_rule,600.0,81.09,1.6787975554699113
28056,4832,2024-04-25 23:10:00+00:00,2024-04-25 23:20:00+00:00,165.225.212.255,CA,HTTPS,200,443,10.138.69.97,Suspicious Web Traffic,Adversary Infrastructure Interaction,AWS_VPC_Flow,prod_webserver,2024-04-25T23:10:00Z,waf_rule,600.0,54.81333333333333,0.17222083615497025
73752,18924,2024-04-25 23:10:00+00:00,2024-04-25 23:20:00+00:00,136.226.64.114,US,HTTPS,200,443,10.138.69.97,Suspicious Web Traffic,Adversary Infrastructure Interaction,AWS_VPC_Flow,prod_webserver,2024-04-25T23:10:00Z,waf_rule,600.0,154.46,0.2565861727658536
4080,11282,2024-04-25 23:10:00+00:00,2024-04-25 23:20:00+00:00,94.188.248.74,IL,HTTPS,200,443,10.138.69.97,Suspicious Web Traffic,Adversary Infrastructure Interaction,AWS_VPC_Flow,prod_webserver,2024-04-25T23:10:00Z,waf_rule,600.0,25.60333333333333,2.764518500367557
1968903,38773,2024-04-25 23:10:00+00:00,2024-04-25 23:20:00+00:00,165.225.240.79,NL,HTTPS,200,443,10.138.69.97,Suspicious Web Traffic,Adversary Infrastructure Interaction,AWS_VPC_Flow,prod_webserver,2024-04-25T23:10:00Z,waf_rule,600.0,3346.1266666666666,0.01969268181688899
6958,12854,2024-04-25 23:10:00+00:00,2024-04-25 23:20:00+00:00,136.226.77.103,CA,HTTPS,200,443,10.138.69.97,Suspicious Web Traffic,Adversary Infrastructure Interaction,AWS_VPC_Flow,prod_webserver,2024-04-25T23:10:00Z,waf_rule,600.0,33.02,1.847104469032907
8310,6276,2024-04-25 23:10:00+00:00,2024-04-25 23:20:00+00:00,165.225.26.101,DE,HTTPS,200,443,10.138.69.97,Suspicious Web Traffic,Adversary Infrastructure Interaction,AWS_VPC_Flow,prod_webserver,2024-04-25T23:10:00Z,waf_rule,600.0,24.31,0.7551437853447238
4804723,291088,2024-04-25 23:10:00+00:00,2024-04-25 23:20:00+00:00,155.91.45.242,US,HTTPS,200,443,10.138.69.97,Suspicious Web Traffic,Adversary Infrastructure Interaction,AWS_VPC_Flow,prod_webserver,2024-04-25T23:10:00Z,waf_rule,600.0,8493.018333333333,0.06058370886652386
11820,24620,2024-04-25 23:10:00+00:00,2024-04-25 23:20:00+00:00,165.225.209.4,CA,HTTPS,200,443,10.138.69.97,Suspicious Web Traffic,Adversary Infrastructure Interaction,AWS_VPC_Flow,prod_webserver,2024-04-25T23:10:00Z,waf_rule,600.0,60.733333333333334,2.0827341172489637
8206,6068,2024-04-25 23:10:00+00:00,2024-04-25 23:20:00+00:00,147.161.131.1,AT,HTTPS,200,443,10.138.69.97,Suspicious Web Traffic,Adversary Infrastructure Interaction,AWS_VPC_Flow,prod_webserver,2024-04-25T23:10:00Z,waf_rule,600.0,23.79,0.7393688314853174
29356,17408,2024-04-25 23:20:00+00:00,2024-04-25 23:30:00+00:00,165.225.33.6,US,HTTPS,200,443,10.138.69.97,Suspicious Web Traffic,Adversary Infrastructure Interaction,AWS_VPC_Flow,prod_webserver,2024-04-25T23:20:00Z,waf_rule,600.0,77.94,0.5929761215383044
26178,33801,2024-04-25 23:20:00+00:00,2024-04-25 23:30:00+00:00,136.226.67.101,US,HTTPS,200,443,10.138.69.97,Suspicious Web Traffic,Adversary Infrastructure Interaction,AWS_VPC_Flow,prod_webserver,2024-04-25T23:20:00Z,waf_rule,600.0,99.965,1.2911493945528858
29308,15652,2024-04-25 23:20:00+00:00,2024-04-25 23:30:00+00:00,165.225.213.7,CA,HTTPS,200,443,10.138.69.97,Suspicious Web Traffic,Adversary Infrastructure Interaction,AWS_VPC_Flow,prod_webserver,2024-04-25T23:20:00Z,waf_rule,600.0,74.93333333333334,0.5340339144972533
60068,12628,2024-04-25 23:20:00+00:00,2024-04-25 23:30:00+00:00,136.226.64.114,US,HTTPS,200,443,10.138.69.97,Suspicious Web Traffic,Adversary Infrastructure Interaction,AWS_VPC_Flow,prod_webserver,2024-04-25T23:20:00Z,waf_rule,600.0,121.16,0.21022490802244087
4043,7629,2024-04-25 23:20:00+00:00,2024-04-25 23:30:00+00:00,165.225.240.79,NL,HTTPS,200,443,10.138.69.97,Suspicious Web Traffic,Adversary Infrastructure Interaction,AWS_VPC_Flow,prod_webserver,2024-04-25T23:20:00Z,waf_rule,600.0,19.453333333333333,1.8864985163204748
3102,11038,2024-04-25 23:20:00+00:00,2024-04-25 23:30:00+00:00,165.225.8.79,US,HTTPS,200,443,10.138.69.97,Suspicious Web Traffic,Adversary Infrastructure Interaction,AWS_VPC_Flow,prod_webserver,2024-04-25T23:20:00Z,waf_rule,600.0,23.566666666666666,3.557202707057686
8310,6070,2024-04-25 23:20:00+00:00,2024-04-25 23:30:00+00:00,165.225.26.101,DE,HTTPS,200,443,10.138.69.97,Suspicious Web Traffic,Adversary Infrastructure Interaction,AWS_VPC_Flow,prod_webserver,2024-04-25T23:20:00Z,waf_rule,600.0,23.966666666666665,0.730357357718686
5528,12010,2024-04-25 23:20:00+00:00,2024-04-25 23:30:00+00:00,165.225.209.4,CA,HTTPS,200,443,10.138.69.97,Suspicious Web Traffic,Adversary Infrastructure Interaction,AWS_VPC_Flow,prod_webserver,2024-04-25T23:20:00Z,waf_rule,600.0,29.23,2.1721830349068547
4926,11570,2024-04-25 23:20:00+00:00,2024-04-25 23:30:00+00:00,147.161.131.1,AT,HTTPS,200,443,10.138.69.97,Suspicious Web Traffic,Adversary Infrastructure Interaction,AWS_VPC_Flow,prod_webserver,2024-04-25T23:20:00Z,waf_rule,600.0,27.493333333333332,2.3482849604221636
7724,6288,2024-04-25 23:20:00+00:00,2024-04-25 23:30:00+00:00,136.226.80.97,US,HTTPS,200,443,10.138.69.97,Suspicious Web Traffic,Adversary Infrastructure Interaction,AWS_VPC_Flow,prod_webserver,2024-04-25T23:20:00Z,waf_rule,600.0,23.35333333333333,0.8139805825242719
80,528,2024-04-25 23:20:00+00:00,2024-04-25 23:30:00+00:00,192.241.230.19,US,HTTPS,200,443,10.138.69.97,Suspicious Web Traffic,Adversary Infrastructure Interaction,AWS_VPC_Flow,prod_webserver,2024-04-25T23:20:00Z,waf_rule,600.0,1.0133333333333334,6.518518518518518
23048,24124,2024-04-25 23:30:00+00:00,2024-04-25 23:40:00+00:00,136.226.67.101,US,HTTPS,200,443,10.138.69.97,Suspicious Web Traffic,Adversary Infrastructure Interaction,AWS_VPC_Flow,prod_webserver,2024-04-25T23:30:00Z,waf_rule,600.0,78.62,1.04663976745195
28444,13468,2024-04-25 23:30:00+00:00,2024-04-25 23:40:00+00:00,165.225.212.255,CA,HTTPS,200,443,10.138.69.97,Suspicious Web Traffic,Adversary Infrastructure Interaction,AWS_VPC_Flow,prod_webserver,2024-04-25T23:30:00Z,waf_rule,600.0,69.85333333333334,0.47347512743891723
5824,11568,2024-04-25 23:30:00+00:00,2024-04-25 23:40:00+00:00,136.226.77.103,CA,HTTPS,200,443,10.138.69.97,Suspicious Web Traffic,Adversary Infrastructure Interaction,AWS_VPC_Flow,prod_webserver,2024-04-25T23:30:00Z,waf_rule,600.0,28.986666666666668,1.9859227467811158
10474,23244,2024-04-25 23:30:00+00:00,2024-04-25 23:40:00+00:00,165.225.26.101,DE,HTTPS,200,443,10.138.69.97,Suspicious Web Traffic,Adversary Infrastructure Interaction,AWS_VPC_Flow,prod_webserver,2024-04-25T23:30:00Z,waf_rule,600.0,56.196666666666665,2.218997613365155
4190330,283456,2024-04-25 23:30:00+00:00,2024-04-25 23:40:00+00:00,155.91.45.242,US,HTTPS,200,443,10.138.69.97,Suspicious Web Traffic,Adversary Infrastructure Interaction,AWS_VPC_Flow,prod_webserver,2024-04-25T23:30:00Z,waf_rule,600.0,7456.31,0.06764525284518097
5080,11512,2024-04-25 23:30:00+00:00,2024-04-25 23:40:00+00:00,165.225.209.4,CA,HTTPS,200,443,10.138.69.97,Suspicious Web Traffic,Adversary Infrastructure Interaction,AWS_VPC_Flow,prod_webserver,2024-04-25T23:30:00Z,waf_rule,600.0,27.653333333333332,2.265695729187168
4220,11672,2024-04-25 23:30:00+00:00,2024-04-25 23:40:00+00:00,136.226.80.97,US,HTTPS,200,443,10.138.69.97,Suspicious Web Traffic,Adversary Infrastructure Interaction,AWS_VPC_Flow,prod_webserver,2024-04-25T23:30:00Z,waf_rule,600.0,26.486666666666668,2.7652215114901684
952,668,2024-04-25 23:30:00+00:00,2024-04-25 23:40:00+00:00,192.241.230.19,US,HTTPS,200,443,10.138.69.97,Suspicious Web Traffic,Adversary Infrastructure Interaction,AWS_VPC_Flow,prod_webserver,2024-04-25T23:30:00Z,waf_rule,600.0,2.7,0.7009443861490031
36745,28952,2024-04-25 23:40:00+00:00,2024-04-25 23:50:00+00:00,165.225.33.6,US,HTTPS,200,443,10.138.69.97,Suspicious Web Traffic,Adversary Infrastructure Interaction,AWS_VPC_Flow,prod_webserver,2024-04-25T23:40:00Z,waf_rule,600.0,109.495,0.7878952811190334
12068,25589,2024-04-25 23:40:00+00:00,2024-04-25 23:50:00+00:00,136.226.67.101,US,HTTPS,200,443,10.138.69.97,Suspicious Web Traffic,Adversary Infrastructure Interaction,AWS_VPC_Flow,prod_webserver,2024-04-25T23:40:00Z,waf_rule,600.0,62.76166666666666,2.120225370784655
57462,20222,2024-04-25 23:40:00+00:00,2024-04-25 23:50:00+00:00,165.225.212.255,CA,HTTPS,200,443,10.138.69.97,Suspicious Web Traffic,Adversary Infrastructure Interaction,AWS_VPC_Flow,prod_webserver,2024-04-25T23:40:00Z,waf_rule,600.0,129.47333333333333,0.35191340514766023
2015975,79990,2024-04-25 23:40:00+00:00,2024-04-25 23:50:00+00:00,165.225.240.79,NL,HTTPS,200,443,10.138.69.97,Suspicious Web Traffic,Adversary Infrastructure Interaction,AWS_VPC_Flow,prod_webserver,2024-04-25T23:40:00Z,waf_rule,600.0,3493.275,0.03967805172283797
4064,11384,2024-04-25 23:40:00+00:00,2024-04-25 23:50:00+00:00,94.188.248.74,IL,HTTPS,200,443,10.138.69.97,Suspicious Web Traffic,Adversary Infrastructure Interaction,AWS_VPC_Flow,prod_webserver,2024-04-25T23:40:00Z,waf_rule,600.0,25.746666666666666,2.800492004920049
33268,9986,2024-04-25 23:40:00+00:00,2024-04-25 23:50:00+00:00,136.226.77.103,CA,HTTPS,200,443,10.138.69.97,Suspicious Web Traffic,Adversary Infrastructure Interaction,AWS_VPC_Flow,prod_webserver,2024-04-25T23:40:00Z,waf_rule,600.0,72.09,0.30015930746340436
7424,14656,2024-04-25 23:40:00+00:00,2024-04-25 23:50:00+00:00,165.225.26.101,DE,HTTPS,200,443,10.138.69.97,Suspicious Web Traffic,Adversary Infrastructure Interaction,AWS_VPC_Flow,prod_webserver,2024-04-25T23:40:00Z,waf_rule,600.0,36.8,1.9738720538720538
4758826,289956,2024-04-25 23:40:00+00:00,2024-04-25 23:50:00+00:00,155.91.45.242,US,HTTPS,200,443,10.138.69.97,Suspicious Web Traffic,Adversary Infrastructure Interaction,AWS_VPC_Flow,prod_webserver,2024-04-25T23:40:00Z,waf_rule,600.0,8414.636666666667,0.06093014097801832
17736,36370,2024-04-25 23:40:00+00:00,2024-04-25 23:50:00+00:00,165.225.209.4,CA,HTTPS,200,443,10.138.69.97,Suspicious Web Traffic,Adversary Infrastructure Interaction,AWS_VPC_Flow,prod_webserver,2024-04-25T23:40:00Z,waf_rule,600.0,90.17666666666666,2.0505158707785984
60686,35910,2024-04-25 23:50:00+00:00,2024-04-26 00:00:00+00:00,165.225.33.6,US,HTTPS,200,443,10.138.69.97,Suspicious Web Traffic,Adversary Infrastructure Interaction,AWS_VPC_Flow,prod_webserver,2024-04-25T23:50:00Z,waf_rule,600.0,160.99333333333334,0.5917247515942459
21698,21218,2024-04-25 23:50:00+00:00,2024-04-26 00:00:00+00:00,136.226.67.101,US,HTTPS,200,443,10.138.69.97,Suspicious Web Traffic,Adversary Infrastructure Interaction,AWS_VPC_Flow,prod_webserver,2024-04-25T23:50:00Z,waf_rule,600.0,71.52666666666667,0.9778330798654316
28296,7230,2024-04-25 23:50:00+00:00,2024-04-26 00:00:00+00:00,165.225.213.7,CA,HTTPS,200,443,10.138.69.97,Suspicious Web Traffic,Adversary Infrastructure Interaction,AWS_VPC_Flow,prod_webserver,2024-04-25T23:50:00Z,waf_rule,600.0,59.21,0.2555041170442096
4721,8322,2024-04-25 23:50:00+00:00,2024-04-26 00:00:00+00:00,165.225.240.79,NL,HTTPS,200,443,10.138.69.97,Suspicious Web Traffic,Adversary Infrastructure Interaction,AWS_VPC_Flow,prod_webserver,2024-04-25T23:50:00Z,waf_rule,600.0,21.738333333333333,1.7623888182973317
9968,6646,2024-04-25 23:50:00+00:00,2024-04-26 00:00:00+00:00,165.225.26.101,DE,HTTPS,200,443,10.138.69.97,Suspicious Web Traffic,Adversary Infrastructure Interaction,AWS_VPC_Flow,prod_webserver,2024-04-25T23:50:00Z,waf_rule,600.0,27.69,0.6666666666666666
4791678,291275,2024-04-25 23:50:00+00:00,2024-04-26 00:00:00+00:00,155.91.45.242,US,HTTPS,200,443,10.138.69.97,Suspicious Web Traffic,Adversary Infrastructure Interaction,AWS_VPC_Flow,prod_webserver,2024-04-25T23:50:00Z,waf_rule,600.0,8471.588333333333,0.06078766962478079
10768,7248,2024-04-25 23:50:00+00:00,2024-04-26 00:00:00+00:00,165.225.209.4,CA,HTTPS,200,443,10.138.69.97,Suspicious Web Traffic,Adversary Infrastructure Interaction,AWS_VPC_Flow,prod_webserver,2024-04-25T23:50:00Z,waf_rule,600.0,30.026666666666667,0.6730429937784381
3996,11776,2024-04-25 23:50:00+00:00,2024-04-26 00:00:00+00:00,147.161.131.1,AT,HTTPS,200,443,10.138.69.97,Suspicious Web Traffic,Adversary Infrastructure Interaction,AWS_VPC_Flow,prod_webserver,2024-04-25T23:50:00Z,waf_rule,600.0,26.286666666666665,2.946209657242932
4220,11570,2024-04-25 23:50:00+00:00,2024-04-26 00:00:00+00:00,136.226.80.97,US,HTTPS,200,443,10.138.69.97,Suspicious Web Traffic,Adversary Infrastructure Interaction,AWS_VPC_Flow,prod_webserver,2024-04-25T23:50:00Z,waf_rule,600.0,26.316666666666666,2.7410566216536365
26354,13404,2024-04-26 00:00:00+00:00,2024-04-26 00:10:00+00:00,147.161.161.82,AE,HTTPS,200,443,10.138.69.97,Suspicious Web Traffic,Adversary Infrastructure Interaction,AWS_VPC_Flow,prod_webserver,2024-04-26T00:00:00Z,waf_rule,600.0,66.26333333333334,0.5085941946499716
33777,20132,2024-04-26 00:00:00+00:00,2024-04-26 00:10:00+00:00,165.225.33.6,US,HTTPS,200,443,10.138.69.97,Suspicious Web Traffic,Adversary Infrastructure Interaction,AWS_VPC_Flow,prod_webserver,2024-04-26T00:00:00Z,waf_rule,600.0,89.84833333333333,0.596009236781337
28762,43272,2024-04-26 00:00:00+00:00,2024-04-26 00:10:00+00:00,136.226.67.101,US,HTTPS,200,443,10.138.69.97,Suspicious Web Traffic,Adversary Infrastructure Interaction,AWS_VPC_Flow,prod_webserver,2024-04-26T00:00:00Z,waf_rule,600.0,120.05666666666667,1.5044327782220213
28478,13260,2024-04-26 00:00:00+00:00,2024-04-26 00:10:00+00:00,165.225.212.255,CA,HTTPS,200,443,10.138.69.97,Suspicious Web Traffic,Adversary Infrastructure Interaction,AWS_VPC_Flow,prod_webserver,2024-04-26T00:00:00Z,waf_rule,600.0,69.56333333333333,0.46560623617402297
4288,11490,2024-04-26 00:00:00+00:00,2024-04-26 00:10:00+00:00,94.188.248.74,IL,HTTPS,200,443,10.138.69.97,Suspicious Web Traffic,Adversary Infrastructure Interaction,AWS_VPC_Flow,prod_webserver,2024-04-26T00:00:00Z,waf_rule,600.0,26.296666666666667,2.6789461412916764
8874,14968,2024-04-26 00:00:00+00:00,2024-04-26 00:10:00+00:00,165.225.26.101,DE,HTTPS,200,443,10.138.69.97,Suspicious Web Traffic,Adversary Infrastructure Interaction,AWS_VPC_Flow,prod_webserver,2024-04-26T00:00:00Z,waf_rule,600.0,39.736666666666665,1.6865352112676055
4793434,292176,2024-04-26 00:00:00+00:00,2024-04-26 00:10:00+00:00,155.91.45.242,US,HTTPS,200,443,10.138.69.97,Suspicious Web Traffic,Adversary Infrastructure Interaction,AWS_VPC_Flow,prod_webserver,2024-04-26T00:00:00Z,waf_rule,600.0,8476.016666666666,0.06095336642720721
16948,20348,2024-04-26 00:00:00+00:00,2024-04-26 00:10:00+00:00,165.225.209.4,CA,HTTPS,200,443,10.138.69.97,Suspicious Web Traffic,Adversary Infrastructure Interaction,AWS_VPC_Flow,prod_webserver,2024-04-26T00:00:00Z,waf_rule,600.0,62.16,1.200542804885244
5810,13090,2024-04-26 00:10:00+00:00,2024-04-26 00:20:00+00:00,147.161.161.82,AE,HTTPS,200,443,10.138.69.97,Suspicious Web Traffic,Adversary Infrastructure Interaction,AWS_VPC_Flow,prod_webserver,2024-04-26T00:10:00Z,waf_rule,600.0,31.5,2.252624333161246
28730,28386,2024-04-26 00:10:00+00:00,2024-04-26 00:20:00+00:00,136.226.67.101,US,HTTPS,200,443,10.138.69.97,Suspicious Web Traffic,Adversary Infrastructure Interaction,AWS_VPC_Flow,prod_webserver,2024-04-26T00:10:00Z,waf_rule,600.0,95.19333333333333,0.9879920643207685
29002,15654,2024-04-26 00:10:00+00:00,2024-04-26 00:20:00+00:00,165.225.213.7,CA,HTTPS,200,443,10.138.69.97,Suspicious Web Traffic,Adversary Infrastructure Interaction,AWS_VPC_Flow,prod_webserver,2024-04-26T00:10:00Z,waf_rule,600.0,74.42666666666666,0.539737268558425
44270,21924,2024-04-26 00:10:00+00:00,2024-04-26 00:20:00+00:00,136.226.64.114,US,HTTPS,200,443,10.138.69.97,Suspicious Web Traffic,Adversary Infrastructure Interaction,AWS_VPC_Flow,prod_webserver,2024-04-26T00:10:00Z,waf_rule,600.0,110.32333333333334,0.4952226062207766
2019990,55292,2024-04-26 00:10:00+00:00,2024-04-26 00:20:00+00:00,165.225.240.79,NL,HTTPS,200,443,10.138.69.97,Suspicious Web Traffic,Adversary Infrastructure Interaction,AWS_VPC_Flow,prod_webserver,2024-04-26T00:10:00Z,waf_rule,600.0,3458.8033333333333,0.02737239918395676
3498,2800,2024-04-26 00:10:00+00:00,2024-04-26 00:20:00+00:00,94.188.248.74,IL,HTTPS,200,443,10.138.69.97,Suspicious Web Traffic,Adversary Infrastructure Interaction,AWS_VPC_Flow,prod_webserver,2024-04-26T00:10:00Z,waf_rule,600.0,10.496666666666666,0.8002286367533581
16698,26610,2024-04-26 00:10:00+00:00,2024-04-26 00:20:00+00:00,165.225.26.101,DE,HTTPS,200,443,10.138.69.97,Suspicious Web Traffic,Adversary Infrastructure Interaction,AWS_VPC_Flow,prod_webserver,2024-04-26T00:10:00Z,waf_rule,600.0,72.18,1.593508593328942
4794053,290955,2024-04-26 00:10:00+00:00,2024-04-26 00:20:00+00:00,155.91.45.242,US,HTTPS,200,443,10.138.69.97,Suspicious Web Traffic,Adversary Infrastructure Interaction,AWS_VPC_Flow,prod_webserver,2024-04-26T00:10:00Z,waf_rule,600.0,8475.013333333334,0.06069080573560498
6606,12794,2024-04-26 00:10:00+00:00,2024-04-26 00:20:00+00:00,165.225.209.4,CA,HTTPS,200,443,10.138.69.97,Suspicious Web Traffic,Adversary Infrastructure Interaction,AWS_VPC_Flow,prod_webserver,2024-04-26T00:10:00Z,waf_rule,600.0,32.333333333333336,1.9364310579688209
9910,14760,2024-04-26 00:10:00+00:00,2024-04-26 00:20:00+00:00,147.161.131.1,AT,HTTPS,200,443,10.138.69.97,Suspicious Web Traffic,Adversary Infrastructure Interaction,AWS_VPC_Flow,prod_webserver,2024-04-26T00:10:00Z,waf_rule,600.0,41.11666666666667,1.4892543638381597
26250,13404,2024-04-26 00:20:00+00:00,2024-04-26 00:30:00+00:00,147.161.161.82,AE,HTTPS,200,443,10.138.69.97,Suspicious Web Traffic,Adversary Infrastructure Interaction,AWS_VPC_Flow,prod_webserver,2024-04-26T00:20:00Z,waf_rule,600.0,66.09,0.5106091196525847
21448,32494,2024-04-26 00:20:00+00:00,2024-04-26 00:30:00+00:00,136.226.67.101,US,HTTPS,200,443,10.138.69.97,Suspicious Web Traffic,Adversary Infrastructure Interaction,AWS_VPC_Flow,prod_webserver,2024-04-26T00:20:00Z,waf_rule,600.0,89.90333333333334,1.5149424215581146
28524,13364,2024-04-26 00:20:00+00:00,2024-04-26 00:30:00+00:00,165.225.212.255,CA,HTTPS,200,443,10.138.69.97,Suspicious Web Traffic,Adversary Infrastructure Interaction,AWS_VPC_Flow,prod_webserver,2024-04-26T00:20:00Z,waf_rule,600.0,69.81333333333333,0.46850131463628397
9600,22230,2024-04-26 00:20:00+00:00,2024-04-26 00:30:00+00:00,165.225.240.79,NL,HTTPS,200,443,10.138.69.97,Suspicious Web Traffic,Adversary Infrastructure Interaction,AWS_VPC_Flow,prod_webserver,2024-04-26T00:20:00Z,waf_rule,600.0,53.05,2.3153838141860223
7786,14138,2024-04-26 00:20:00+00:00,2024-04-26 00:30:00+00:00,94.188.248.74,IL,HTTPS,200,443,10.138.69.97,Suspicious Web Traffic,Adversary Infrastructure Interaction,AWS_VPC_Flow,prod_webserver,2024-04-26T00:20:00Z,waf_rule,600.0,36.54,1.8155900860408374
33662,9572,2024-04-26 00:20:00+00:00,2024-04-26 00:30:00+00:00,136.226.77.103,CA,HTTPS,200,443,10.138.69.97,Suspicious Web Traffic,Adversary Infrastructure Interaction,AWS_VPC_Flow,prod_webserver,2024-04-26T00:20:00Z,waf_rule,600.0,72.05666666666667,0.28434780025547335
6480,11794,2024-04-26 00:20:00+00:00,2024-04-26 00:30:00+00:00,165.225.26.101,DE,HTTPS,200,443,10.138.69.97,Suspicious Web Traffic,Adversary Infrastructure Interaction,AWS_VPC_Flow,prod_webserver,2024-04-26T00:20:00Z,waf_rule,600.0,30.456666666666667,1.8197808980095664
16698,19255,2024-04-26 00:20:00+00:00,2024-04-26 00:30:00+00:00,165.225.209.4,CA,HTTPS,200,443,10.138.69.97,Suspicious Web Traffic,Adversary Infrastructure Interaction,AWS_VPC_Flow,prod_webserver,2024-04-26T00:20:00Z,waf_rule,600.0,59.92166666666667,1.1530630576681238
4018,3144,2024-04-26 00:30:00+00:00,2024-04-26 00:40:00+00:00,147.161.161.82,AE,HTTPS,200,443,10.138.69.97,Suspicious Web Traffic,Adversary Infrastructure Interaction,AWS_VPC_Flow,prod_webserver,2024-04-26T00:30:00Z,waf_rule,600.0,11.936666666666667,0.7822841502861408
38560,34470,2024-04-26 00:30:00+00:00,2024-04-26 00:40:00+00:00,136.226.67.101,US,HTTPS,200,443,10.138.69.97,Suspicious Web Traffic,Adversary Infrastructure Interaction,AWS_VPC_Flow,prod_webserver,2024-04-26T00:30:00Z,waf_rule,600.0,121.71666666666667,0.8939083529991442
57088,12210,2024-04-26 00:30:00+00:00,2024-04-26 00:40:00+00:00,165.225.212.255,CA,HTTPS,200,443,10.138.69.97,Suspicious Web Traffic,Adversary Infrastructure Interaction,AWS_VPC_Flow,prod_webserver,2024-04-26T00:30:00Z,waf_rule,600.0,115.49666666666667,0.21387657867540158
1215594,64362,2024-04-26 00:30:00+00:00,2024-04-26 00:40:00+00:00,165.225.240.79,NL,HTTPS,200,443,10.138.69.97,Suspicious Web Traffic,Adversary Infrastructure Interaction,AWS_VPC_Flow,prod_webserver,2024-04-26T00:30:00Z,waf_rule,600.0,2133.26,0.05294691077209104
3514,2648,2024-04-26 00:30:00+00:00,2024-04-26 00:40:00+00:00,94.188.248.74,IL,HTTPS,200,443,10.138.69.97,Suspicious Web Traffic,Adversary Infrastructure Interaction,AWS_VPC_Flow,prod_webserver,2024-04-26T00:30:00Z,waf_rule,600.0,10.27,0.7533428165007112
13338,17636,2024-04-26 00:30:00+00:00,2024-04-26 00:40:00+00:00,165.225.26.101,DE,HTTPS,200,443,10.138.69.97,Suspicious Web Traffic,Adversary Infrastructure Interaction,AWS_VPC_Flow,prod_webserver,2024-04-26T00:30:00Z,waf_rule,600.0,51.623333333333335,1.3221380913111926
4803684,294875,2024-04-26 00:30:00+00:00,2024-04-26 00:40:00+00:00,155.91.45.242,US,HTTPS,200,443,10.138.69.97,Suspicious Web Traffic,Adversary Infrastructure Interaction,AWS_VPC_Flow,prod_webserver,2024-04-26T00:30:00Z,waf_rule,600.0,8497.598333333333,0.06138516576336708
13132,18249,2024-04-26 00:30:00+00:00,2024-04-26 00:40:00+00:00,165.225.209.4,CA,HTTPS,200,443,10.138.69.97,Suspicious Web Traffic,Adversary Infrastructure Interaction,AWS_VPC_Flow,prod_webserver,2024-04-26T00:30:00Z,waf_rule,600.0,52.30166666666667,1.3895530343409732
5238,11674,2024-04-26 00:30:00+00:00,2024-04-26 00:40:00+00:00,147.161.131.1,AT,HTTPS,200,443,10.138.69.97,Suspicious Web Traffic,Adversary Infrastructure Interaction,AWS_VPC_Flow,prod_webserver,2024-04-26T00:30:00Z,waf_rule,600.0,28.186666666666667,2.228287841191067
9052,5162,2024-04-26 00:40:00+00:00,2024-04-26 00:50:00+00:00,165.225.33.6,US,HTTPS,200,443,10.138.69.97,Suspicious Web Traffic,Adversary Infrastructure Interaction,AWS_VPC_Flow,prod_webserver,2024-04-26T00:40:00Z,waf_rule,600.0,23.69,0.5701977245112118
31076,39744,2024-04-26 00:40:00+00:00,2024-04-26 00:50:00+00:00,136.226.67.101,US,HTTPS,200,443,10.138.69.97,Suspicious Web Traffic,Adversary Infrastructure Interaction,AWS_VPC_Flow,prod_webserver,2024-04-26T00:40:00Z,waf_rule,600.0,118.03333333333333,1.2788879235447437
28518,13366,2024-04-26 00:40:00+00:00,2024-04-26 00:50:00+00:00,165.225.212.255,CA,HTTPS,200,443,10.138.69.97,Suspicious Web Traffic,Adversary Infrastructure Interaction,AWS_VPC_Flow,prod_webserver,2024-04-26T00:40:00Z,waf_rule,600.0,69.80666666666667,0.46867000946737264
43660,12924,2024-04-26 00:40:00+00:00,2024-04-26 00:50:00+00:00,136.226.64.114,US,HTTPS,200,443,10.138.69.97,Suspicious Web Traffic,Adversary Infrastructure Interaction,AWS_VPC_Flow,prod_webserver,2024-04-26T00:40:00Z,waf_rule,600.0,94.30666666666667,0.29600787888504615
26820,45260,2024-04-26 00:40:00+00:00,2024-04-26 00:50:00+00:00,165.225.240.79,NL,HTTPS,200,443,10.138.69.97,Suspicious Web Traffic,Adversary Infrastructure Interaction,AWS_VPC_Flow,prod_webserver,2024-04-26T00:40:00Z,waf_rule,600.0,120.13333333333334,1.687483688154804
3206,11038,2024-04-26 00:40:00+00:00,2024-04-26 00:50:00+00:00,165.225.8.79,US,HTTPS,200,443,10.138.69.97,Suspicious Web Traffic,Adversary Infrastructure Interaction,AWS_VPC_Flow,prod_webserver,2024-04-26T00:40:00Z,waf_rule,600.0,23.74,3.4418459619582165
35894,10094,2024-04-26 00:40:00+00:00,2024-04-26 00:50:00+00:00,136.226.77.103,CA,HTTPS,200,443,10.138.69.97,Suspicious Web Traffic,Adversary Infrastructure Interaction,AWS_VPC_Flow,prod_webserver,2024-04-26T00:40:00Z,waf_rule,600.0,76.64666666666666,0.28120908204485306
9132,5756,2024-04-26 00:40:00+00:00,2024-04-26 00:50:00+00:00,165.225.26.101,DE,HTTPS,200,443,10.138.69.97,Suspicious Web Traffic,Adversary Infrastructure Interaction,AWS_VPC_Flow,prod_webserver,2024-04-26T00:40:00Z,waf_rule,600.0,24.813333333333333,0.6302419796342932
4801644,292969,2024-04-26 00:40:00+00:00,2024-04-26 00:50:00+00:00,155.91.45.242,US,HTTPS,200,443,10.138.69.97,Suspicious Web Traffic,Adversary Infrastructure Interaction,AWS_VPC_Flow,prod_webserver,2024-04-26T00:40:00Z,waf_rule,600.0,8491.021666666667,0.06101429822487918
22790,40397,2024-04-26 00:40:00+00:00,2024-04-26 00:50:00+00:00,165.225.209.4,CA,HTTPS,200,443,10.138.69.97,Suspicious Web Traffic,Adversary Infrastructure Interaction,AWS_VPC_Flow,prod_webserver,2024-04-26T00:40:00Z,waf_rule,600.0,105.31166666666667,1.7724979158439735
29040,16476,2024-04-26 00:50:00+00:00,2024-04-26 01:00:00+00:00,165.225.33.6,US,HTTPS,200,443,10.138.69.97,Suspicious Web Traffic,Adversary Infrastructure Interaction,AWS_VPC_Flow,prod_webserver,2024-04-26T00:50:00Z,waf_rule,600.0,75.86,0.5673358355428532
27938,4626,2024-04-26 00:50:00+00:00,2024-04-26 01:00:00+00:00,165.225.212.255,CA,HTTPS,200,443,10.138.69.97,Suspicious Web Traffic,Adversary Infrastructure Interaction,AWS_VPC_Flow,prod_webserver,2024-04-26T00:50:00Z,waf_rule,600.0,54.27333333333333,0.16557500268441963
34660,10044,2024-04-26 00:50:00+00:00,2024-04-26 01:00:00+00:00,136.226.77.103,CA,HTTPS,200,443,10.138.69.97,Suspicious Web Traffic,Adversary Infrastructure Interaction,AWS_VPC_Flow,prod_webserver,2024-04-26T00:50:00Z,waf_rule,600.0,74.50666666666666,0.28977813681082487
5238,11776,2024-04-26 00:50:00+00:00,2024-04-26 01:00:00+00:00,165.225.26.101,DE,HTTPS,200,443,10.138.69.97,Suspicious Web Traffic,Adversary Infrastructure Interaction,AWS_VPC_Flow,prod_webserver,2024-04-26T00:50:00Z,waf_rule,600.0,28.356666666666666,2.2477572055735826
4809606,290761,2024-04-26 00:50:00+00:00,2024-04-26 01:00:00+00:00,155.91.45.242,US,HTTPS,200,443,10.138.69.97,Suspicious Web Traffic,Adversary Infrastructure Interaction,AWS_VPC_Flow,prod_webserver,2024-04-26T00:50:00Z,waf_rule,600.0,8500.611666666666,0.06045421174744631
6742,13419,2024-04-26 00:50:00+00:00,2024-04-26 01:00:00+00:00,165.225.209.4,CA,HTTPS,200,443,10.138.69.97,Suspicious Web Traffic,Adversary Infrastructure Interaction,AWS_VPC_Flow,prod_webserver,2024-04-26T00:50:00Z,waf_rule,600.0,33.60166666666667,1.990063769835385
4138,3144,2024-04-26 01:00:00+00:00,2024-04-26 01:10:00+00:00,147.161.161.82,AE,HTTPS,200,443,10.138.69.97,Suspicious Web Traffic,Adversary Infrastructure Interaction,AWS_VPC_Flow,prod_webserver,2024-04-26T01:00:00Z,waf_rule,600.0,12.136666666666667,0.7596037690263349
10262,16182,2024-04-26 01:00:00+00:00,2024-04-26 01:10:00+00:00,136.226.67.101,US,HTTPS,200,443,10.138.69.97,Suspicious Web Traffic,Adversary Infrastructure Interaction,AWS_VPC_Flow,prod_webserver,2024-04-26T01:00:00Z,waf_rule,600.0,44.07333333333333,1.5767319497223033
28048,4730,2024-04-26 01:00:00+00:00,2024-04-26 01:10:00+00:00,165.225.212.255,CA,HTTPS,200,443,10.138.69.97,Suspicious Web Traffic,Adversary Infrastructure Interaction,AWS_VPC_Flow,prod_webserver,2024-04-26T01:00:00Z,waf_rule,600.0,54.63,0.16863346286855146
4064,11386,2024-04-26 01:00:00+00:00,2024-04-26 01:10:00+00:00,94.188.248.74,IL,HTTPS,200,443,10.138.69.97,Suspicious Web Traffic,Adversary Infrastructure Interaction,AWS_VPC_Flow,prod_webserver,2024-04-26T01:00:00Z,waf_rule,600.0,25.75,2.800984009840098
47774,23406,2024-04-26 01:00:00+00:00,2024-04-26 01:10:00+00:00,136.226.77.103,CA,HTTPS,200,443,10.138.69.97,Suspicious Web Traffic,Adversary Infrastructure Interaction,AWS_VPC_Flow,prod_webserver,2024-04-26T01:00:00Z,waf_rule,600.0,118.63333333333334,0.4899215070643642
3326,11038,2024-04-26 01:00:00+00:00,2024-04-26 01:10:00+00:00,165.225.8.79,US,HTTPS,200,443,10.138.69.97,Suspicious Web Traffic,Adversary Infrastructure Interaction,AWS_VPC_Flow,prod_webserver,2024-04-26T01:00:00Z,waf_rule,600.0,23.94,3.3177036369101294
9336,23450,2024-04-26 01:00:00+00:00,2024-04-26 01:10:00+00:00,165.225.26.101,DE,HTTPS,200,443,10.138.69.97,Suspicious Web Traffic,Adversary Infrastructure Interaction,AWS_VPC_Flow,prod_webserver,2024-04-26T01:00:00Z,waf_rule,600.0,54.64333333333333,2.5115133340473386
4827283,306181,2024-04-26 01:00:00+00:00,2024-04-26 01:10:00+00:00,155.91.45.242,US,HTTPS,200,443,10.138.69.97,Suspicious Web Traffic,Adversary Infrastructure Interaction,AWS_VPC_Flow,prod_webserver,2024-04-26T01:00:00Z,waf_rule,600.0,8555.773333333333,0.06342717768418017
10830,23370,2024-04-26 01:00:00+00:00,2024-04-26 01:10:00+00:00,165.225.209.4,CA,HTTPS,200,443,10.138.69.97,Suspicious Web Traffic,Adversary Infrastructure Interaction,AWS_VPC_Flow,prod_webserver,2024-04-26T01:00:00Z,waf_rule,600.0,57.0,2.157695503646939
9806,14344,2024-04-26 01:00:00+00:00,2024-04-26 01:10:00+00:00,147.161.131.1,AT,HTTPS,200,443,10.138.69.97,Suspicious Web Traffic,Adversary Infrastructure Interaction,AWS_VPC_Flow,prod_webserver,2024-04-26T01:00:00Z,waf_rule,600.0,40.25,1.4626287345773428
16062,27514,2024-04-26 01:10:00+00:00,2024-04-26 01:20:00+00:00,136.226.67.101,US,HTTPS,200,443,10.138.69.97,Suspicious Web Traffic,Adversary Infrastructure Interaction,AWS_VPC_Flow,prod_webserver,2024-04-26T01:10:00Z,waf_rule,600.0,72.62666666666667,1.7128805329016996
29010,15550,2024-04-26 01:10:00+00:00,2024-04-26 01:20:00+00:00,165.225.213.7,CA,HTTPS,200,443,10.138.69.97,Suspicious Web Traffic,Adversary Infrastructure Interaction,AWS_VPC_Flow,prod_webserver,2024-04-26T01:10:00Z,waf_rule,600.0,74.26666666666667,0.536003584847127
3722,2694,2024-04-26 01:10:00+00:00,2024-04-26 01:20:00+00:00,94.188.248.74,IL,HTTPS,200,443,10.138.69.97,Suspicious Web Traffic,Adversary Infrastructure Interaction,AWS_VPC_Flow,prod_webserver,2024-04-26T01:10:00Z,waf_rule,600.0,10.693333333333333,0.7236099919419823
7182,12958,2024-04-26 01:10:00+00:00,2024-04-26 01:20:00+00:00,136.226.77.103,CA,HTTPS,200,443,10.138.69.97,Suspicious Web Traffic,Adversary Infrastructure Interaction,AWS_VPC_Flow,prod_webserver,2024-04-26T01:10:00Z,waf_rule,600.0,33.56666666666667,1.8039816232771821
3102,11142,2024-04-26 01:10:00+00:00,2024-04-26 01:20:00+00:00,165.225.8.79,US,HTTPS,200,443,10.138.69.97,Suspicious Web Traffic,Adversary Infrastructure Interaction,AWS_VPC_Flow,prod_webserver,2024-04-26T01:10:00Z,waf_rule,600.0,23.74,3.590718659361908
10012,14968,2024-04-26 01:10:00+00:00,2024-04-26 01:20:00+00:00,165.225.26.101,DE,HTTPS,200,443,10.138.69.97,Suspicious Web Traffic,Adversary Infrastructure Interaction,AWS_VPC_Flow,prod_webserver,2024-04-26T01:10:00Z,waf_rule,600.0,41.63333333333333,1.4948566863077999
4776536,289969,2024-04-26 01:10:00+00:00,2024-04-26 01:20:00+00:00,155.91.45.242,US,HTTPS,200,443,10.138.69.97,Suspicious Web Traffic,Adversary Infrastructure Interaction,AWS_VPC_Flow,prod_webserver,2024-04-26T01:10:00Z,waf_rule,600.0,8444.175,0.06070695150063739
528,858,2024-04-26 01:10:00+00:00,2024-04-26 01:20:00+00:00,165.225.209.4,CA,HTTPS,200,443,10.138.69.97,Suspicious Web Traffic,Adversary Infrastructure Interaction,AWS_VPC_Flow,prod_webserver,2024-04-26T01:10:00Z,waf_rule,600.0,2.31,1.6219281663516067
6376,11690,2024-04-26 01:10:00+00:00,2024-04-26 01:20:00+00:00,147.161.131.1,AT,HTTPS,200,443,10.138.69.97,Suspicious Web Traffic,Adversary Infrastructure Interaction,AWS_VPC_Flow,prod_webserver,2024-04-26T01:10:00Z,waf_rule,600.0,30.11,1.8331503841931942
9620,16178,2024-04-26 01:20:00+00:00,2024-04-26 01:30:00+00:00,147.161.161.82,AE,HTTPS,200,443,10.138.69.97,Suspicious Web Traffic,Adversary Infrastructure Interaction,AWS_VPC_Flow,prod_webserver,2024-04-26T01:20:00Z,waf_rule,600.0,42.99666666666667,1.681529986487891
24442,25574,2024-04-26 01:20:00+00:00,2024-04-26 01:30:00+00:00,136.226.67.101,US,HTTPS,200,443,10.138.69.97,Suspicious Web Traffic,Adversary Infrastructure Interaction,AWS_VPC_Flow,prod_webserver,2024-04-26T01:20:00Z,waf_rule,600.0,83.36,1.0462709160086732
29586,15754,2024-04-26 01:20:00+00:00,2024-04-26 01:30:00+00:00,165.225.212.255,CA,HTTPS,200,443,10.138.69.97,Suspicious Web Traffic,Adversary Infrastructure Interaction,AWS_VPC_Flow,prod_webserver,2024-04-26T01:20:00Z,waf_rule,600.0,75.56666666666666,0.5324635819785717
30178,14280,2024-04-26 01:20:00+00:00,2024-04-26 01:30:00+00:00,136.226.64.114,US,HTTPS,200,443,10.138.69.97,Suspicious Web Traffic,Adversary Infrastructure Interaction,AWS_VPC_Flow,prod_webserver,2024-04-26T01:20:00Z,waf_rule,600.0,74.09666666666666,0.4731767122833759
1889834,34306,2024-04-26 01:20:00+00:00,2024-04-26 01:30:00+00:00,165.225.240.79,NL,HTTPS,200,443,10.138.69.97,Suspicious Web Traffic,Adversary Infrastructure Interaction,AWS_VPC_Flow,prod_webserver,2024-04-26T01:20:00Z,waf_rule,600.0,3206.9,0.01815290752896417
5154,2878,2024-04-26 01:20:00+00:00,2024-04-26 01:30:00+00:00,136.226.77.103,CA,HTTPS,200,443,10.138.69.97,Suspicious Web Traffic,Adversary Infrastructure Interaction,AWS_VPC_Flow,prod_webserver,2024-04-26T01:20:00Z,waf_rule,600.0,13.386666666666667,0.5582929194956353
12764,26284,2024-04-26 01:20:00+00:00,2024-04-26 01:30:00+00:00,165.225.26.101,DE,HTTPS,200,443,10.138.69.97,Suspicious Web Traffic,Adversary Infrastructure Interaction,AWS_VPC_Flow,prod_webserver,2024-04-26T01:20:00Z,waf_rule,600.0,65.08,2.0590677634155896
4788904,294113,2024-04-26 01:20:00+00:00,2024-04-26 01:30:00+00:00,155.91.45.242,US,HTTPS,200,443,10.138.69.97,Suspicious Web Traffic,Adversary Infrastructure Interaction,AWS_VPC_Flow,prod_webserver,2024-04-26T01:20:00Z,waf_rule,600.0,8471.695,0.061415501038337574
22366,31577,2024-04-26 01:20:00+00:00,2024-04-26 01:30:00+00:00,165.225.209.4,CA,HTTPS,200,443,10.138.69.97,Suspicious Web Traffic,Adversary Infrastructure Interaction,AWS_VPC_Flow,prod_webserver,2024-04-26T01:20:00Z,waf_rule,600.0,89.905,1.411767335807216
6376,11690,2024-04-26 01:20:00+00:00,2024-04-26 01:30:00+00:00,147.161.131.1,AT,HTTPS,200,443,10.138.69.97,Suspicious Web Traffic,Adversary Infrastructure Interaction,AWS_VPC_Flow,prod_webserver,2024-04-26T01:20:00Z,waf_rule,600.0,30.11,1.8331503841931942
3618,2878,2024-04-26 01:30:00+00:00,2024-04-26 01:40:00+00:00,147.161.161.82,AE,HTTPS,200,443,10.138.69.97,Suspicious Web Traffic,Adversary Infrastructure Interaction,AWS_VPC_Flow,prod_webserver,2024-04-26T01:30:00Z,waf_rule,600.0,10.826666666666666,0.7952473058856038
23680,33014,2024-04-26 01:30:00+00:00,2024-04-26 01:40:00+00:00,136.226.67.101,US,HTTPS,200,443,10.138.69.97,Suspicious Web Traffic,Adversary Infrastructure Interaction,AWS_VPC_Flow,prod_webserver,2024-04-26T01:30:00Z,waf_rule,600.0,94.49,1.394113424264178
28388,13468,2024-04-26 01:30:00+00:00,2024-04-26 01:40:00+00:00,165.225.212.255,CA,HTTPS,200,443,10.138.69.97,Suspicious Web Traffic,Adversary Infrastructure Interaction,AWS_VPC_Flow,prod_webserver,2024-04-26T01:30:00Z,waf_rule,600.0,69.76,0.47440910211701715
43840,13960,2024-04-26 01:30:00+00:00,2024-04-26 01:40:00+00:00,136.226.64.114,US,HTTPS,200,443,10.138.69.97,Suspicious Web Traffic,Adversary Infrastructure Interaction,AWS_VPC_Flow,prod_webserver,2024-04-26T01:30:00Z,waf_rule,600.0,96.33333333333333,0.3184233936269702
1253276,46666,2024-04-26 01:30:00+00:00,2024-04-26 01:40:00+00:00,165.225.240.79,NL,HTTPS,200,443,10.138.69.97,Suspicious Web Traffic,Adversary Infrastructure Interaction,AWS_VPC_Flow,prod_webserver,2024-04-26T01:30:00Z,waf_rule,600.0,2166.57,0.03723518424099381
4080,11386,2024-04-26 01:30:00+00:00,2024-04-26 01:40:00+00:00,94.188.248.74,IL,HTTPS,200,443,10.138.69.97,Suspicious Web Traffic,Adversary Infrastructure Interaction,AWS_VPC_Flow,prod_webserver,2024-04-26T01:30:00Z,waf_rule,600.0,25.776666666666667,2.790002450379809
3206,11038,2024-04-26 01:30:00+00:00,2024-04-26 01:40:00+00:00,165.225.8.79,US,HTTPS,200,443,10.138.69.97,Suspicious Web Traffic,Adversary Infrastructure Interaction,AWS_VPC_Flow,prod_webserver,2024-04-26T01:30:00Z,waf_rule,600.0,23.74,3.4418459619582165
14222,9362,2024-04-26 01:30:00+00:00,2024-04-26 01:40:00+00:00,165.225.26.101,DE,HTTPS,200,443,10.138.69.97,Suspicious Web Traffic,Adversary Infrastructure Interaction,AWS_VPC_Flow,prod_webserver,2024-04-26T01:30:00Z,waf_rule,600.0,39.306666666666665,0.6582296280672151
4808787,301495,2024-04-26 01:30:00+00:00,2024-04-26 01:40:00+00:00,155.91.45.242,US,HTTPS,200,443,10.138.69.97,Suspicious Web Traffic,Adversary Infrastructure Interaction,AWS_VPC_Flow,prod_webserver,2024-04-26T01:30:00Z,waf_rule,600.0,8517.136666666667,0.06269667117785188
7294,13707,2024-04-26 01:30:00+00:00,2024-04-26 01:40:00+00:00,165.225.209.4,CA,HTTPS,200,443,10.138.69.97,Suspicious Web Traffic,Adversary Infrastructure Interaction,AWS_VPC_Flow,prod_webserver,2024-04-26T01:30:00Z,waf_rule,600.0,35.001666666666665,1.8789581905414667
5824,12018,2024-04-26 01:40:00+00:00,2024-04-26 01:50:00+00:00,165.225.33.6,US,HTTPS,200,443,10.138.69.97,Suspicious Web Traffic,Adversary Infrastructure Interaction,AWS_VPC_Flow,prod_webserver,2024-04-26T01:40:00Z,waf_rule,600.0,29.736666666666668,2.063175965665236
5492,12046,2024-04-26 01:40:00+00:00,2024-04-26 01:50:00+00:00,136.226.67.101,US,HTTPS,200,443,10.138.69.97,Suspicious Web Traffic,Adversary Infrastructure Interaction,AWS_VPC_Flow,prod_webserver,2024-04-26T01:40:00Z,waf_rule,600.0,29.23,2.1929728745676313
28644,7330,2024-04-26 01:40:00+00:00,2024-04-26 01:50:00+00:00,165.225.213.7,CA,HTTPS,200,443,10.138.69.97,Suspicious Web Traffic,Adversary Infrastructure Interaction,AWS_VPC_Flow,prod_webserver,2024-04-26T01:40:00Z,waf_rule,600.0,59.95666666666666,0.2558910804677954
3206,11142,2024-04-26 01:40:00+00:00,2024-04-26 01:50:00+00:00,165.225.8.79,US,HTTPS,200,443,10.138.69.97,Suspicious Web Traffic,Adversary Infrastructure Interaction,AWS_VPC_Flow,prod_webserver,2024-04-26T01:40:00Z,waf_rule,600.0,23.913333333333334,3.474275023386342
38780,18682,2024-04-26 01:40:00+00:00,2024-04-26 01:50:00+00:00,136.226.77.103,CA,HTTPS,200,443,10.138.69.97,Suspicious Web Traffic,Adversary Infrastructure Interaction,AWS_VPC_Flow,prod_webserver,2024-04-26T01:40:00Z,waf_rule,600.0,95.77,0.4817307444367087
4869181,301752,2024-04-26 01:40:00+00:00,2024-04-26 01:50:00+00:00,155.91.45.242,US,HTTPS,200,443,10.138.69.97,Suspicious Web Traffic,Adversary Infrastructure Interaction,AWS_VPC_Flow,prod_webserver,2024-04-26T01:40:00Z,waf_rule,600.0,8618.221666666666,0.061971805531196
6046,4544,2024-04-26 01:40:00+00:00,2024-04-26 01:50:00+00:00,165.225.209.4,CA,HTTPS,200,443,10.138.69.97,Suspicious Web Traffic,Adversary Infrastructure Interaction,AWS_VPC_Flow,prod_webserver,2024-04-26T01:40:00Z,waf_rule,600.0,17.65,0.7514469985116586
6584,11898,2024-04-26 01:40:00+00:00,2024-04-26 01:50:00+00:00,147.161.131.1,AT,HTTPS,200,443,10.138.69.97,Suspicious Web Traffic,Adversary Infrastructure Interaction,AWS_VPC_Flow,prod_webserver,2024-04-26T01:40:00Z,waf_rule,600.0,30.803333333333335,1.8068337129840546
7666,14346,2024-04-26 01:40:00+00:00,2024-04-26 01:50:00+00:00,136.226.80.97,US,HTTPS,200,443,10.138.69.97,Suspicious Web Traffic,Adversary Infrastructure Interaction,AWS_VPC_Flow,prod_webserver,2024-04-26T01:40:00Z,waf_rule,600.0,36.68666666666667,1.8711360375635842
5140,4294,2024-04-26 01:50:00+00:00,2024-04-26 02:00:00+00:00,147.161.161.82,AE,HTTPS,200,443,10.138.69.97,Suspicious Web Traffic,Adversary Infrastructure Interaction,AWS_VPC_Flow,prod_webserver,2024-04-26T01:50:00Z,waf_rule,600.0,15.723333333333333,0.8352460610776113
37105,49494,2024-04-26 01:50:00+00:00,2024-04-26 02:00:00+00:00,136.226.67.101,US,HTTPS,200,443,10.138.69.97,Suspicious Web Traffic,Adversary Infrastructure Interaction,AWS_VPC_Flow,prod_webserver,2024-04-26T01:50:00Z,waf_rule,600.0,144.33166666666668,1.3338543631757667
28896,7328,2024-04-26 01:50:00+00:00,2024-04-26 02:00:00+00:00,165.225.213.7,CA,HTTPS,200,443,10.138.69.97,Suspicious Web Traffic,Adversary Infrastructure Interaction,AWS_VPC_Flow,prod_webserver,2024-04-26T01:50:00Z,waf_rule,600.0,60.373333333333335,0.25359033809738035
8872,14760,2024-04-26 01:50:00+00:00,2024-04-26 02:00:00+00:00,165.225.26.101,DE,HTTPS,200,443,10.138.69.97,Suspicious Web Traffic,Adversary Infrastructure Interaction,AWS_VPC_Flow,prod_webserver,2024-04-26T01:50:00Z,waf_rule,600.0,39.38666666666666,1.6634734588076185
4755578,292284,2024-04-26 01:50:00+00:00,2024-04-26 02:00:00+00:00,155.91.45.242,US,HTTPS,200,443,10.138.69.97,Suspicious Web Traffic,Adversary Infrastructure Interaction,AWS_VPC_Flow,prod_webserver,2024-04-26T01:50:00Z,waf_rule,600.0,8413.103333333333,0.061461285786651845
11358,24124,2024-04-26 01:50:00+00:00,2024-04-26 02:00:00+00:00,165.225.209.4,CA,HTTPS,200,443,10.138.69.97,Suspicious Web Traffic,Adversary Infrastructure Interaction,AWS_VPC_Flow,prod_webserver,2024-04-26T01:50:00Z,waf_rule,600.0,59.13666666666666,2.1237785016286646
4264,11882,2024-04-26 01:50:00+00:00,2024-04-26 02:00:00+00:00,147.161.131.1,AT,HTTPS,200,443,10.138.69.97,Suspicious Web Traffic,Adversary Infrastructure Interaction,AWS_VPC_Flow,prod_webserver,2024-04-26T01:50:00Z,waf_rule,600.0,26.91,2.785932004689332
3966,3248,2024-04-26 01:50:00+00:00,2024-04-26 02:00:00+00:00,136.226.80.97,US,HTTPS,200,443,10.138.69.97,Suspicious Web Traffic,Adversary Infrastructure Interaction,AWS_VPC_Flow,prod_webserver,2024-04-26T01:50:00Z,waf_rule,600.0,12.023333333333333,0.818754726493572
35666,39032,2024-04-26 08:00:00+00:00,2024-04-26 08:10:00+00:00,136.226.67.101,US,HTTPS,200,443,10.138.69.97,Suspicious Web Traffic,Adversary Infrastructure Interaction,AWS_VPC_Flow,prod_webserver,2024-04-26T08:00:00Z,waf_rule,600.0,124.49666666666667,1.0943449126643676
28540,7228,2024-04-26 08:00:00+00:00,2024-04-26 08:10:00+00:00,165.225.213.7,CA,HTTPS,200,443,10.138.69.97,Suspicious Web Traffic,Adversary Infrastructure Interaction,AWS_VPC_Flow,prod_webserver,2024-04-26T08:00:00Z,waf_rule,600.0,59.61333333333334,0.25324971094215337
44408,22446,2024-04-26 08:00:00+00:00,2024-04-26 08:10:00+00:00,136.226.64.114,US,HTTPS,200,443,10.138.69.97,Suspicious Web Traffic,Adversary Infrastructure Interaction,AWS_VPC_Flow,prod_webserver,2024-04-26T08:00:00Z,waf_rule,600.0,111.42333333333333,0.5054380868742823
8202,6068,2024-04-26 08:00:00+00:00,2024-04-26 08:10:00+00:00,165.225.26.101,DE,HTTPS,200,443,10.138.69.97,Suspicious Web Traffic,Adversary Infrastructure Interaction,AWS_VPC_Flow,prod_webserver,2024-04-26T08:00:00Z,waf_rule,600.0,23.783333333333335,0.7397293673046447
18201558,1170896,2024-04-26 08:00:00+00:00,2024-04-26 08:10:00+00:00,155.91.45.242,US,HTTPS,200,443,10.138.69.97,Suspicious Web Traffic,Adversary Infrastructure Interaction,AWS_VPC_Flow,prod_webserver,2024-04-26T08:00:00Z,waf_rule,600.0,32287.423333333332,0.06432943463798897
23836,41493,2024-04-26 08:00:00+00:00,2024-04-26 08:10:00+00:00,165.225.209.4,CA,HTTPS,200,443,10.138.69.97,Suspicious Web Traffic,Adversary Infrastructure Interaction,AWS_VPC_Flow,prod_webserver,2024-04-26T08:00:00Z,waf_rule,600.0,108.88166666666666,1.7406972353903596
3862,2982,2024-04-26 08:00:00+00:00,2024-04-26 08:10:00+00:00,136.226.80.97,US,HTTPS,200,443,10.138.69.97,Suspicious Web Traffic,Adversary Infrastructure Interaction,AWS_VPC_Flow,prod_webserver,2024-04-26T08:00:00Z,waf_rule,600.0,11.406666666666666,0.7719389075847787
15978,28154,2024-04-26 08:10:00+00:00,2024-04-26 08:20:00+00:00,136.226.67.101,US,HTTPS,200,443,10.138.69.97,Suspicious Web Traffic,Adversary Infrastructure Interaction,AWS_VPC_Flow,prod_webserver,2024-04-26T08:10:00Z,waf_rule,600.0,73.55333333333333,1.7619375430252207
28042,4834,2024-04-26 08:10:00+00:00,2024-04-26 08:20:00+00:00,165.225.212.255,CA,HTTPS,200,443,10.138.69.97,Suspicious Web Traffic,Adversary Infrastructure Interaction,AWS_VPC_Flow,prod_webserver,2024-04-26T08:10:00Z,waf_rule,600.0,54.79333333333334,0.1723781335805727
3618,2648,2024-04-26 08:10:00+00:00,2024-04-26 08:20:00+00:00,94.188.248.74,IL,HTTPS,200,443,10.138.69.97,Suspicious Web Traffic,Adversary Infrastructure Interaction,AWS_VPC_Flow,prod_webserver,2024-04-26T08:10:00Z,waf_rule,600.0,10.443333333333333,0.7316938380768168
13546,17742,2024-04-26 08:10:00+00:00,2024-04-26 08:20:00+00:00,165.225.26.101,DE,HTTPS,200,443,10.138.69.97,Suspicious Web Traffic,Adversary Infrastructure Interaction,AWS_VPC_Flow,prod_webserver,2024-04-26T08:10:00Z,waf_rule,600.0,52.14666666666667,1.3096626559385842
18273120,1145109,2024-04-26 08:10:00+00:00,2024-04-26 08:20:00+00:00,155.91.45.242,US,HTTPS,200,443,10.138.69.97,Suspicious Web Traffic,Adversary Infrastructure Interaction,AWS_VPC_Flow,prod_webserver,2024-04-26T08:10:00Z,waf_rule,600.0,32363.715,0.06266630642898934
15094,10563,2024-04-26 08:10:00+00:00,2024-04-26 08:20:00+00:00,165.225.209.4,CA,HTTPS,200,443,10.138.69.97,Suspicious Web Traffic,Adversary Infrastructure Interaction,AWS_VPC_Flow,prod_webserver,2024-04-26T08:10:00Z,waf_rule,600.0,42.76166666666666,0.6997681351440874
5238,11674,2024-04-26 08:10:00+00:00,2024-04-26 08:20:00+00:00,147.161.131.1,AT,HTTPS,200,443,10.138.69.97,Suspicious Web Traffic,Adversary Infrastructure Interaction,AWS_VPC_Flow,prod_webserver,2024-04-26T08:10:00Z,waf_rule,600.0,28.186666666666667,2.228287841191067
4480,11778,2024-04-26 08:20:00+00:00,2024-04-26 08:30:00+00:00,147.161.161.82,AE,HTTPS,200,443,10.138.69.97,Suspicious Web Traffic,Adversary Infrastructure Interaction,AWS_VPC_Flow,prod_webserver,2024-04-26T08:20:00Z,waf_rule,600.0,27.096666666666668,2.6284311537603213
30396,28830,2024-04-26 08:20:00+00:00,2024-04-26 08:30:00+00:00,136.226.67.101,US,HTTPS,200,443,10.138.69.97,Suspicious Web Traffic,Adversary Infrastructure Interaction,AWS_VPC_Flow,prod_webserver,2024-04-26T08:20:00Z,waf_rule,600.0,98.71,0.9484488600848768
28628,13570,2024-04-26 08:20:00+00:00,2024-04-26 08:30:00+00:00,165.225.212.255,CA,HTTPS,200,443,10.138.69.97,Suspicious Web Traffic,Adversary Infrastructure Interaction,AWS_VPC_Flow,prod_webserver,2024-04-26T08:20:00Z,waf_rule,600.0,70.33,0.473994900275944
1360,436,2024-04-26 08:20:00+00:00,2024-04-26 08:30:00+00:00,198.235.24.81,US,HTTPS,200,443,10.138.69.97,Suspicious Web Traffic,Adversary Infrastructure Interaction,AWS_VPC_Flow,prod_webserver,2024-04-26T08:20:00Z,waf_rule,600.0,2.993333333333333,0.3203526818515797
3976,11282,2024-04-26 08:20:00+00:00,2024-04-26 08:30:00+00:00,94.188.248.74,IL,HTTPS,200,443,10.138.69.97,Suspicious Web Traffic,Adversary Infrastructure Interaction,AWS_VPC_Flow,prod_webserver,2024-04-26T08:20:00Z,waf_rule,600.0,25.43,2.836811667085743
9440,23452,2024-04-26 08:20:00+00:00,2024-04-26 08:30:00+00:00,165.225.26.101,DE,HTTPS,200,443,10.138.69.97,Suspicious Web Traffic,Adversary Infrastructure Interaction,AWS_VPC_Flow,prod_webserver,2024-04-26T08:20:00Z,waf_rule,600.0,54.82,2.4840588920665185
18285525,1130944,2024-04-26 08:20:00+00:00,2024-04-26 08:30:00+00:00,155.91.45.242,US,HTTPS,200,443,10.138.69.97,Suspicious Web Traffic,Adversary Infrastructure Interaction,AWS_VPC_Flow,prod_webserver,2024-04-26T08:20:00Z,waf_rule,600.0,32360.781666666666,0.061849136852831034
24200,41078,2024-04-26 08:20:00+00:00,2024-04-26 08:30:00+00:00,165.225.209.4,CA,HTTPS,200,443,10.138.69.97,Suspicious Web Traffic,Adversary Infrastructure Interaction,AWS_VPC_Flow,prod_webserver,2024-04-26T08:20:00Z,waf_rule,600.0,108.79666666666667,1.6973678773604397
5030,11570,2024-04-26 08:20:00+00:00,2024-04-26 08:30:00+00:00,147.161.131.1,AT,HTTPS,200,443,10.138.69.97,Suspicious Web Traffic,Adversary Infrastructure Interaction,AWS_VPC_Flow,prod_webserver,2024-04-26T08:20:00Z,waf_rule,600.0,27.666666666666668,2.2997416020671833
7204,5860,2024-04-26 08:20:00+00:00,2024-04-26 08:30:00+00:00,136.226.80.97,US,HTTPS,200,443,10.138.69.97,Suspicious Web Traffic,Adversary Infrastructure Interaction,AWS_VPC_Flow,prod_webserver,2024-04-26T08:20:00Z,waf_rule,600.0,21.773333333333333,0.813324080499653
4168,11674,2024-04-26 08:30:00+00:00,2024-04-26 08:40:00+00:00,147.161.161.82,AE,HTTPS,200,443,10.138.69.97,Suspicious Web Traffic,Adversary Infrastructure Interaction,AWS_VPC_Flow,prod_webserver,2024-04-26T08:30:00Z,waf_rule,600.0,26.403333333333332,2.8001918925401776
37156,48239,2024-04-26 08:30:00+00:00,2024-04-26 08:40:00+00:00,136.226.67.101,US,HTTPS,200,443,10.138.69.97,Suspicious Web Traffic,Adversary Infrastructure Interaction,AWS_VPC_Flow,prod_webserver,2024-04-26T08:30:00Z,waf_rule,600.0,142.325,1.2982479748095916
27912,6080,2024-04-26 08:30:00+00:00,2024-04-26 08:40:00+00:00,165.225.213.7,CA,HTTPS,200,443,10.138.69.97,Suspicious Web Traffic,Adversary Infrastructure Interaction,AWS_VPC_Flow,prod_webserver,2024-04-26T08:30:00Z,waf_rule,600.0,56.653333333333336,0.21781965392469457
44390,22134,2024-04-26 08:30:00+00:00,2024-04-26 08:40:00+00:00,136.226.64.114,US,HTTPS,200,443,10.138.69.97,Suspicious Web Traffic,Adversary Infrastructure Interaction,AWS_VPC_Flow,prod_webserver,2024-04-26T08:30:00Z,waf_rule,600.0,110.87333333333333,0.49861458403730485
4686,11778,2024-04-26 08:30:00+00:00,2024-04-26 08:40:00+00:00,136.226.77.103,CA,HTTPS,200,443,10.138.69.97,Suspicious Web Traffic,Adversary Infrastructure Interaction,AWS_VPC_Flow,prod_webserver,2024-04-26T08:30:00Z,waf_rule,600.0,27.44,2.5129080435246425
18239056,1144663,2024-04-26 08:30:00+00:00,2024-04-26 08:40:00+00:00,155.91.45.242,US,HTTPS,200,443,10.138.69.97,Suspicious Web Traffic,Adversary Infrastructure Interaction,AWS_VPC_Flow,prod_webserver,2024-04-26T08:30:00Z,waf_rule,600.0,32306.198333333334,0.0627588915369912
6806,13238,2024-04-26 08:30:00+00:00,2024-04-26 08:40:00+00:00,165.225.209.4,CA,HTTPS,200,443,10.138.69.97,Suspicious Web Traffic,Adversary Infrastructure Interaction,AWS_VPC_Flow,prod_webserver,2024-04-26T08:30:00Z,waf_rule,600.0,33.406666666666666,1.9447627442338768
10118,14760,2024-04-26 08:30:00+00:00,2024-04-26 08:40:00+00:00,147.161.131.1,AT,HTTPS,200,443,10.138.69.97,Suspicious Web Traffic,Adversary Infrastructure Interaction,AWS_VPC_Flow,prod_webserver,2024-04-26T08:30:00Z,waf_rule,600.0,41.46333333333333,1.4586421583160392
15016,11797,2024-04-26 08:40:00+00:00,2024-04-26 08:50:00+00:00,136.226.67.101,US,HTTPS,200,443,10.138.69.97,Suspicious Web Traffic,Adversary Infrastructure Interaction,AWS_VPC_Flow,prod_webserver,2024-04-26T08:40:00Z,waf_rule,600.0,44.68833333333333,0.7855763468069521
1996566,56644,2024-04-26 08:40:00+00:00,2024-04-26 08:50:00+00:00,165.225.240.79,NL,HTTPS,200,443,10.138.69.97,Suspicious Web Traffic,Adversary Infrastructure Interaction,AWS_VPC_Flow,prod_webserver,2024-04-26T08:40:00Z,waf_rule,600.0,3422.016666666667,0.028370698303638194
10578,23450,2024-04-26 08:40:00+00:00,2024-04-26 08:50:00+00:00,165.225.26.101,DE,HTTPS,200,443,10.138.69.97,Suspicious Web Traffic,Adversary Infrastructure Interaction,AWS_VPC_Flow,prod_webserver,2024-04-26T08:40:00Z,waf_rule,600.0,56.71333333333333,2.2166556385291614
18125238,1121958,2024-04-26 08:40:00+00:00,2024-04-26 08:50:00+00:00,155.91.45.242,US,HTTPS,200,443,10.138.69.97,Suspicious Web Traffic,Adversary Infrastructure Interaction,AWS_VPC_Flow,prod_webserver,2024-04-26T08:40:00Z,waf_rule,600.0,32078.66,0.06190031480412479
18482,29508,2024-04-26 08:40:00+00:00,2024-04-26 08:50:00+00:00,165.225.209.4,CA,HTTPS,200,443,10.138.69.97,Suspicious Web Traffic,Adversary Infrastructure Interaction,AWS_VPC_Flow,prod_webserver,2024-04-26T08:40:00Z,waf_rule,600.0,79.98333333333333,1.5964940756370718
5238,11778,2024-04-26 08:40:00+00:00,2024-04-26 08:50:00+00:00,147.161.131.1,AT,HTTPS,200,443,10.138.69.97,Suspicious Web Traffic,Adversary Infrastructure Interaction,AWS_VPC_Flow,prod_webserver,2024-04-26T08:40:00Z,waf_rule,600.0,28.36,2.2481389578163773
4116,11570,2024-04-26 08:40:00+00:00,2024-04-26 08:50:00+00:00,136.226.80.97,US,HTTPS,200,443,10.138.69.97,Suspicious Web Traffic,Adversary Infrastructure Interaction,AWS_VPC_Flow,prod_webserver,2024-04-26T08:40:00Z,waf_rule,600.0,26.143333333333334,2.8102987612339083
4272,11778,2024-04-26 08:50:00+00:00,2024-04-26 09:00:00+00:00,147.161.161.82,AE,HTTPS,200,443,10.138.69.97,Suspicious Web Traffic,Adversary Infrastructure Interaction,AWS_VPC_Flow,prod_webserver,2024-04-26T08:50:00Z,waf_rule,600.0,26.75,2.756377252515797
31166,25856,2024-04-26 08:50:00+00:00,2024-04-26 09:00:00+00:00,165.225.33.6,US,HTTPS,200,443,10.138.69.97,Suspicious Web Traffic,Adversary Infrastructure Interaction,AWS_VPC_Flow,prod_webserver,2024-04-26T08:50:00Z,waf_rule,600.0,95.03666666666666,0.8295954053967337
28830,27096,2024-04-26 08:50:00+00:00,2024-04-26 09:00:00+00:00,136.226.67.101,US,HTTPS,200,443,10.138.69.97,Suspicious Web Traffic,Adversary Infrastructure Interaction,AWS_VPC_Flow,prod_webserver,2024-04-26T08:50:00Z,waf_rule,600.0,93.21,0.9398217196767369
60122,12630,2024-04-26 08:50:00+00:00,2024-04-26 09:00:00+00:00,136.226.64.114,US,HTTPS,200,443,10.138.69.97,Suspicious Web Traffic,Adversary Infrastructure Interaction,AWS_VPC_Flow,prod_webserver,2024-04-26T08:50:00Z,waf_rule,600.0,121.25333333333333,0.21006935781647623
3678,11038,2024-04-26 08:50:00+00:00,2024-04-26 09:00:00+00:00,165.225.240.79,NL,HTTPS,200,443,10.138.69.97,Suspicious Web Traffic,Adversary Infrastructure Interaction,AWS_VPC_Flow,prod_webserver,2024-04-26T08:50:00Z,waf_rule,600.0,24.526666666666667,3.000271812992661
36522,18578,2024-04-26 08:50:00+00:00,2024-04-26 09:00:00+00:00,136.226.77.103,CA,HTTPS,200,443,10.138.69.97,Suspicious Web Traffic,Adversary Infrastructure Interaction,AWS_VPC_Flow,prod_webserver,2024-04-26T08:50:00Z,waf_rule,600.0,91.83333333333333,0.5086657722531008
13232,17534,2024-04-26 08:50:00+00:00,2024-04-26 09:00:00+00:00,165.225.26.101,DE,HTTPS,200,443,10.138.69.97,Suspicious Web Traffic,Adversary Infrastructure Interaction,AWS_VPC_Flow,prod_webserver,2024-04-26T08:50:00Z,waf_rule,600.0,51.276666666666664,1.3250207813798835
18171403,1103358,2024-04-26 08:50:00+00:00,2024-04-26 09:00:00+00:00,155.91.45.242,US,HTTPS,200,443,10.138.69.97,Suspicious Web Traffic,Adversary Infrastructure Interaction,AWS_VPC_Flow,prod_webserver,2024-04-26T08:50:00Z,waf_rule,600.0,32124.601666666666,0.06071946889739505
1147,5151,2024-04-26 08:50:00+00:00,2024-04-26 09:00:00+00:00,65.49.1.69,US,HTTPS,200,443,10.138.69.97,Suspicious Web Traffic,Adversary Infrastructure Interaction,AWS_VPC_Flow,prod_webserver,2024-04-26T08:50:00Z,waf_rule,600.0,10.496666666666666,4.4869337979094075
80,44,2024-04-26 08:50:00+00:00,2024-04-26 09:00:00+00:00,65.49.1.72,US,HTTPS,200,443,10.138.69.97,Suspicious Web Traffic,Adversary Infrastructure Interaction,AWS_VPC_Flow,prod_webserver,2024-04-26T08:50:00Z,waf_rule,600.0,0.20666666666666667,0.5432098765432098
790,444,2024-04-26 08:50:00+00:00,2024-04-26 09:00:00+00:00,65.49.1.94,US,HTTPS,200,443,10.138.69.97,Suspicious Web Traffic,Adversary Infrastructure Interaction,AWS_VPC_Flow,prod_webserver,2024-04-26T08:50:00Z,waf_rule,600.0,2.0566666666666666,0.561314791403287
5030,11674,2024-04-26 08:50:00+00:00,2024-04-26 09:00:00+00:00,147.161.131.1,AT,HTTPS,200,443,10.138.69.97,Suspicious Web Traffic,Adversary Infrastructure Interaction,AWS_VPC_Flow,prod_webserver,2024-04-26T08:50:00Z,waf_rule,600.0,27.84,2.3204134366925064
3638,3086,2024-04-26 08:50:00+00:00,2024-04-26 09:00:00+00:00,136.226.80.97,US,HTTPS,200,443,10.138.69.97,Suspicious Web Traffic,Adversary Infrastructure Interaction,AWS_VPC_Flow,prod_webserver,2024-04-26T08:50:00Z,waf_rule,600.0,11.206666666666667,0.8480351744984886
4704,11882,2024-04-26 09:10:00+00:00,2024-04-26 09:20:00+00:00,147.161.161.82,AE,HTTPS,200,443,10.138.69.97,Suspicious Web Traffic,Adversary Infrastructure Interaction,AWS_VPC_Flow,prod_webserver,2024-04-26T09:10:00Z,waf_rule,600.0,27.643333333333334,2.5253985122210416
16960,19458,2024-04-26 09:10:00+00:00,2024-04-26 09:20:00+00:00,136.226.67.101,US,HTTPS,200,443,10.138.69.97,Suspicious Web Traffic,Adversary Infrastructure Interaction,AWS_VPC_Flow,prod_webserver,2024-04-26T09:10:00Z,waf_rule,600.0,60.696666666666665,1.1472200931548848
29314,15444,2024-04-26 09:10:00+00:00,2024-04-26 09:20:00+00:00,165.225.213.7,CA,HTTPS,200,443,10.138.69.97,Suspicious Web Traffic,Adversary Infrastructure Interaction,AWS_VPC_Flow,prod_webserver,2024-04-26T09:10:00Z,waf_rule,600.0,74.59666666666666,0.526829268292683
28244,17860,2024-04-26 09:00:00+00:00,2024-04-26 09:10:00+00:00,165.225.33.6,US,HTTPS,200,443,10.138.69.97,Suspicious Web Traffic,Adversary Infrastructure Interaction,AWS_VPC_Flow,prod_webserver,2024-04-26T09:00:00Z,waf_rule,600.0,76.84,0.6323243051867588
2007229,59926,2024-04-26 09:10:00+00:00,2024-04-26 09:20:00+00:00,165.225.240.79,NL,HTTPS,200,443,10.138.69.97,Suspicious Web Traffic,Adversary Infrastructure Interaction,AWS_VPC_Flow,prod_webserver,2024-04-26T09:10:00Z,waf_rule,600.0,3445.258333333333,0.02985507390782322
18890,30568,2024-04-26 09:00:00+00:00,2024-04-26 09:10:00+00:00,136.226.67.101,US,HTTPS,200,443,10.138.69.97,Suspicious Web Traffic,Adversary Infrastructure Interaction,AWS_VPC_Flow,prod_webserver,2024-04-26T09:00:00Z,waf_rule,600.0,82.43,1.6181250330845376
27970,13366,2024-04-26 09:00:00+00:00,2024-04-26 09:10:00+00:00,165.225.213.7,CA,HTTPS,200,443,10.138.69.97,Suspicious Web Traffic,Adversary Infrastructure Interaction,AWS_VPC_Flow,prod_webserver,2024-04-26T09:00:00Z,waf_rule,600.0,68.89333333333333,0.47785206106324407
30596,14488,2024-04-26 09:00:00+00:00,2024-04-26 09:10:00+00:00,136.226.64.114,US,HTTPS,200,443,10.138.69.97,Suspicious Web Traffic,Adversary Infrastructure Interaction,AWS_VPC_Flow,prod_webserver,2024-04-26T09:00:00Z,waf_rule,600.0,75.14,0.4735104748831585
6488,4164,2024-04-26 09:10:00+00:00,2024-04-26 09:20:00+00:00,136.226.77.103,CA,HTTPS,200,443,10.138.69.97,Suspicious Web Traffic,Adversary Infrastructure Interaction,AWS_VPC_Flow,prod_webserver,2024-04-26T09:10:00Z,waf_rule,600.0,17.753333333333334,0.6417013407304669
9908,14656,2024-04-26 09:10:00+00:00,2024-04-26 09:20:00+00:00,165.225.26.101,DE,HTTPS,200,443,10.138.69.97,Suspicious Web Traffic,Adversary Infrastructure Interaction,AWS_VPC_Flow,prod_webserver,2024-04-26T09:10:00Z,waf_rule,600.0,40.94,1.479059440912302
48614,25178,2024-04-26 09:00:00+00:00,2024-04-26 09:10:00+00:00,136.226.77.103,CA,HTTPS,200,443,10.138.69.97,Suspicious Web Traffic,Adversary Infrastructure Interaction,AWS_VPC_Flow,prod_webserver,2024-04-26T09:00:00Z,waf_rule,600.0,122.98666666666666,0.5179059960917413
7994,5754,2024-04-26 09:00:00+00:00,2024-04-26 09:10:00+00:00,165.225.26.101,DE,HTTPS,200,443,10.138.69.97,Suspicious Web Traffic,Adversary Infrastructure Interaction,AWS_VPC_Flow,prod_webserver,2024-04-26T09:00:00Z,waf_rule,600.0,22.913333333333334,0.7196998123827392
18119202,1132321,2024-04-26 09:10:00+00:00,2024-04-26 09:20:00+00:00,155.91.45.242,US,HTTPS,200,443,10.138.69.97,Suspicious Web Traffic,Adversary Infrastructure Interaction,AWS_VPC_Flow,prod_webserver,2024-04-26T09:10:00Z,waf_rule,600.0,32085.871666666666,0.06249287013341591
3904,19282,2024-04-26 09:00:00+00:00,2024-04-26 09:10:00+00:00,65.49.1.104,US,HTTPS,200,443,10.138.69.97,Suspicious Web Traffic,Adversary Infrastructure Interaction,AWS_VPC_Flow,prod_webserver,2024-04-26T09:00:00Z,waf_rule,600.0,38.64333333333333,4.937772087067862
5736,12114,2024-04-26 09:10:00+00:00,2024-04-26 09:20:00+00:00,165.225.209.4,CA,HTTPS,200,443,10.138.69.97,Suspicious Web Traffic,Adversary Infrastructure Interaction,AWS_VPC_Flow,prod_webserver,2024-04-26T09:10:00Z,waf_rule,600.0,29.75,2.111556562663413
18187778,1142605,2024-04-26 09:00:00+00:00,2024-04-26 09:10:00+00:00,155.91.45.242,US,HTTPS,200,443,10.138.69.97,Suspicious Web Traffic,Adversary Infrastructure Interaction,AWS_VPC_Flow,prod_webserver,2024-04-26T09:00:00Z,waf_rule,600.0,32217.305,0.06282267889883641
5482,21034,2024-04-26 09:00:00+00:00,2024-04-26 09:10:00+00:00,65.49.1.97,US,HTTPS,200,443,10.138.69.97,Suspicious Web Traffic,Adversary Infrastructure Interaction,AWS_VPC_Flow,prod_webserver,2024-04-26T09:00:00Z,waf_rule,600.0,44.193333333333335,3.8362210468721503
1112,430,2024-04-26 09:00:00+00:00,2024-04-26 09:10:00+00:00,65.49.1.99,US,HTTPS,200,443,10.138.69.97,Suspicious Web Traffic,Adversary Infrastructure Interaction,AWS_VPC_Flow,prod_webserver,2024-04-26T09:00:00Z,waf_rule,600.0,2.57,0.3863432165318958
833,4490,2024-04-26 09:00:00+00:00,2024-04-26 09:10:00+00:00,65.49.1.76,US,HTTPS,200,443,10.138.69.97,Suspicious Web Traffic,Adversary Infrastructure Interaction,AWS_VPC_Flow,prod_webserver,2024-04-26T09:00:00Z,waf_rule,600.0,8.871666666666666,5.383693045563549
1674,8980,2024-04-26 09:00:00+00:00,2024-04-26 09:10:00+00:00,65.49.1.96,US,HTTPS,200,443,10.138.69.97,Suspicious Web Traffic,Adversary Infrastructure Interaction,AWS_VPC_Flow,prod_webserver,2024-04-26T09:00:00Z,waf_rule,600.0,17.756666666666668,5.361194029850746
1328,524,2024-04-26 09:00:00+00:00,2024-04-26 09:10:00+00:00,65.49.1.95,US,HTTPS,200,443,10.138.69.97,Suspicious Web Traffic,Adversary Infrastructure Interaction,AWS_VPC_Flow,prod_webserver,2024-04-26T09:00:00Z,waf_rule,600.0,3.0866666666666664,0.3942814145974417
3534,2982,2024-04-26 09:10:00+00:00,2024-04-26 09:20:00+00:00,136.226.80.97,US,HTTPS,200,443,10.138.69.97,Suspicious Web Traffic,Adversary Infrastructure Interaction,AWS_VPC_Flow,prod_webserver,2024-04-26T09:10:00Z,waf_rule,600.0,10.86,0.8435643564356435
1628,8980,2024-04-26 09:00:00+00:00,2024-04-26 09:10:00+00:00,65.49.1.74,US,HTTPS,200,443,10.138.69.97,Suspicious Web Traffic,Adversary Infrastructure Interaction,AWS_VPC_Flow,prod_webserver,2024-04-26T09:00:00Z,waf_rule,600.0,17.68,5.512584407612032
5518,12114,2024-04-26 09:00:00+00:00,2024-04-26 09:10:00+00:00,165.225.209.4,CA,HTTPS,200,443,10.138.69.97,Suspicious Web Traffic,Adversary Infrastructure Interaction,AWS_VPC_Flow,prod_webserver,2024-04-26T09:00:00Z,waf_rule,600.0,29.386666666666667,2.1949628555897807
3314,14998,2024-04-26 09:00:00+00:00,2024-04-26 09:10:00+00:00,65.49.1.69,US,HTTPS,200,443,10.138.69.97,Suspicious Web Traffic,Adversary Infrastructure Interaction,AWS_VPC_Flow,prod_webserver,2024-04-26T09:00:00Z,waf_rule,600.0,30.52,4.524283559577677
5342,11674,2024-04-26 09:00:00+00:00,2024-04-26 09:10:00+00:00,147.161.131.1,AT,HTTPS,200,443,10.138.69.97,Suspicious Web Traffic,Adversary Infrastructure Interaction,AWS_VPC_Flow,prod_webserver,2024-04-26T09:00:00Z,waf_rule,600.0,28.36,2.1849148418491486
6486,4458,2024-04-26 09:20:00+00:00,2024-04-26 09:30:00+00:00,147.161.161.82,AE,HTTPS,200,443,10.138.69.97,Suspicious Web Traffic,Adversary Infrastructure Interaction,AWS_VPC_Flow,prod_webserver,2024-04-26T09:20:00Z,waf_rule,600.0,18.24,0.6872205950362263
24506,34772,2024-04-26 09:20:00+00:00,2024-04-26 09:30:00+00:00,136.226.67.101,US,HTTPS,200,443,10.138.69.97,Suspicious Web Traffic,Adversary Infrastructure Interaction,AWS_VPC_Flow,prod_webserver,2024-04-26T09:20:00Z,waf_rule,600.0,98.79666666666667,1.4188599175745706
1942449,49030,2024-04-26 09:20:00+00:00,2024-04-26 09:30:00+00:00,165.225.240.79,NL,HTTPS,200,443,10.138.69.97,Suspicious Web Traffic,Adversary Infrastructure Interaction,AWS_VPC_Flow,prod_webserver,2024-04-26T09:20:00Z,waf_rule,600.0,3319.1316666666667,0.0252413189528688
3976,11176,2024-04-26 09:20:00+00:00,2024-04-26 09:30:00+00:00,94.188.248.74,IL,HTTPS,200,443,10.138.69.97,Suspicious Web Traffic,Adversary Infrastructure Interaction,AWS_VPC_Flow,prod_webserver,2024-04-26T09:20:00Z,waf_rule,600.0,25.253333333333334,2.810158410862459
10162,23142,2024-04-26 09:20:00+00:00,2024-04-26 09:30:00+00:00,165.225.26.101,DE,HTTPS,200,443,10.138.69.97,Suspicious Web Traffic,Adversary Infrastructure Interaction,AWS_VPC_Flow,prod_webserver,2024-04-26T09:20:00Z,waf_rule,600.0,55.50666666666667,2.277083538325298
18231909,1116695,2024-04-26 09:20:00+00:00,2024-04-26 09:30:00+00:00,155.91.45.242,US,HTTPS,200,443,10.138.69.97,Suspicious Web Traffic,Adversary Infrastructure Interaction,AWS_VPC_Flow,prod_webserver,2024-04-26T09:20:00Z,waf_rule,600.0,32247.673333333332,0.061249479621169695
22070,23511,2024-04-26 09:20:00+00:00,2024-04-26 09:30:00+00:00,165.225.209.4,CA,HTTPS,200,443,10.138.69.97,Suspicious Web Traffic,Adversary Infrastructure Interaction,AWS_VPC_Flow,prod_webserver,2024-04-26T09:20:00Z,waf_rule,600.0,75.96833333333333,1.0652439853201032
10222,15024,2024-04-26 09:20:00+00:00,2024-04-26 09:30:00+00:00,147.161.131.1,AT,HTTPS,200,443,10.138.69.97,Suspicious Web Traffic,Adversary Infrastructure Interaction,AWS_VPC_Flow,prod_webserver,2024-04-26T09:20:00Z,waf_rule,600.0,42.07666666666667,1.46962731096547
4392,11674,2024-04-26 09:30:00+00:00,2024-04-26 09:40:00+00:00,147.161.161.82,AE,HTTPS,200,443,10.138.69.97,Suspicious Web Traffic,Adversary Infrastructure Interaction,AWS_VPC_Flow,prod_webserver,2024-04-26T09:30:00Z,waf_rule,600.0,26.776666666666667,2.657409515137719
14150,26266,2024-04-26 09:30:00+00:00,2024-04-26 09:40:00+00:00,136.226.67.101,US,HTTPS,200,443,10.138.69.97,Suspicious Web Traffic,Adversary Infrastructure Interaction,AWS_VPC_Flow,prod_webserver,2024-04-26T09:30:00Z,waf_rule,600.0,67.36,1.856123242173698
43550,13546,2024-04-26 09:30:00+00:00,2024-04-26 09:40:00+00:00,136.226.64.114,US,HTTPS,200,443,10.138.69.97,Suspicious Web Traffic,Adversary Infrastructure Interaction,AWS_VPC_Flow,prod_webserver,2024-04-26T09:30:00Z,waf_rule,600.0,95.16,0.311037634038254
7474,14080,2024-04-26 09:30:00+00:00,2024-04-26 09:40:00+00:00,94.188.248.74,IL,HTTPS,200,443,10.138.69.97,Suspicious Web Traffic,Adversary Infrastructure Interaction,AWS_VPC_Flow,prod_webserver,2024-04-26T09:30:00Z,waf_rule,600.0,35.92333333333333,1.8836120401337793
1248666,38254,2024-04-26 09:30:00+00:00,2024-04-26 09:40:00+00:00,165.225.240.79,NL,HTTPS,200,443,10.138.69.97,Suspicious Web Traffic,Adversary Infrastructure Interaction,AWS_VPC_Flow,prod_webserver,2024-04-26T09:30:00Z,waf_rule,600.0,2144.866666666667,0.030635870091865965
9908,14552,2024-04-26 09:30:00+00:00,2024-04-26 09:40:00+00:00,165.225.26.101,DE,HTTPS,200,443,10.138.69.97,Suspicious Web Traffic,Adversary Infrastructure Interaction,AWS_VPC_Flow,prod_webserver,2024-04-26T09:30:00Z,waf_rule,600.0,40.766666666666666,1.4685639317791905
24326941,1529035,2024-04-26 09:30:00+00:00,2024-04-26 09:40:00+00:00,155.91.45.242,US,HTTPS,200,443,10.138.69.97,Suspicious Web Traffic,Adversary Infrastructure Interaction,AWS_VPC_Flow,prod_webserver,2024-04-26T09:30:00Z,waf_rule,600.0,43093.293333333335,0.06285356375659547
28062,52066,2024-04-26 09:30:00+00:00,2024-04-26 09:40:00+00:00,165.225.209.4,CA,HTTPS,200,443,10.138.69.97,Suspicious Web Traffic,Adversary Infrastructure Interaction,AWS_VPC_Flow,prod_webserver,2024-04-26T09:30:00Z,waf_rule,600.0,133.54666666666665,1.8553255175854328
8928,5548,2024-04-26 09:30:00+00:00,2024-04-26 09:40:00+00:00,147.161.131.1,AT,HTTPS,200,443,10.138.69.97,Suspicious Web Traffic,Adversary Infrastructure Interaction,AWS_VPC_Flow,prod_webserver,2024-04-26T09:30:00Z,waf_rule,600.0,24.126666666666665,0.6213461753835816
5348,4296,2024-04-26 09:40:00+00:00,2024-04-26 09:50:00+00:00,147.161.161.82,AE,HTTPS,200,443,10.138.69.97,Suspicious Web Traffic,Adversary Infrastructure Interaction,AWS_VPC_Flow,prod_webserver,2024-04-26T09:40:00Z,waf_rule,600.0,16.073333333333334,0.8031407739764442
8052,13298,2024-04-26 09:40:00+00:00,2024-04-26 09:50:00+00:00,165.225.33.6,US,HTTPS,200,443,10.138.69.97,Suspicious Web Traffic,Adversary Infrastructure Interaction,AWS_VPC_Flow,prod_webserver,2024-04-26T09:40:00Z,waf_rule,600.0,35.583333333333336,1.6513100707810753
38524,42218,2024-04-26 09:40:00+00:00,2024-04-26 09:50:00+00:00,136.226.67.101,US,HTTPS,200,443,10.138.69.97,Suspicious Web Traffic,Adversary Infrastructure Interaction,AWS_VPC_Flow,prod_webserver,2024-04-26T09:40:00Z,waf_rule,600.0,134.57,1.0958598312783907
28400,13364,2024-04-26 09:40:00+00:00,2024-04-26 09:50:00+00:00,165.225.212.255,CA,HTTPS,200,443,10.138.69.97,Suspicious Web Traffic,Adversary Infrastructure Interaction,AWS_VPC_Flow,prod_webserver,2024-04-26T09:40:00Z,waf_rule,600.0,69.60666666666667,0.47054681173198126
2021960,78684,2024-04-26 09:40:00+00:00,2024-04-26 09:50:00+00:00,165.225.240.79,NL,HTTPS,200,443,10.138.69.97,Suspicious Web Traffic,Adversary Infrastructure Interaction,AWS_VPC_Flow,prod_webserver,2024-04-26T09:40:00Z,waf_rule,600.0,3501.0733333333333,0.03891469716774953
7382,4370,2024-04-26 09:40:00+00:00,2024-04-26 09:50:00+00:00,136.226.77.103,CA,HTTPS,200,443,10.138.69.97,Suspicious Web Traffic,Adversary Infrastructure Interaction,AWS_VPC_Flow,prod_webserver,2024-04-26T09:40:00Z,waf_rule,600.0,19.586666666666666,0.5919003115264797
9232,23036,2024-04-26 09:40:00+00:00,2024-04-26 09:50:00+00:00,165.225.26.101,DE,HTTPS,200,443,10.138.69.97,Suspicious Web Traffic,Adversary Infrastructure Interaction,AWS_VPC_Flow,prod_webserver,2024-04-26T09:40:00Z,waf_rule,600.0,53.78,2.4949637171017005
25199191,1557598,2024-04-26 09:40:00+00:00,2024-04-26 09:50:00+00:00,155.91.45.242,US,HTTPS,200,443,10.138.69.97,Suspicious Web Traffic,Adversary Infrastructure Interaction,AWS_VPC_Flow,prod_webserver,2024-04-26T09:40:00Z,waf_rule,600.0,44594.64833333333,0.06181142633462216
6216,13027,2024-04-26 09:40:00+00:00,2024-04-26 09:50:00+00:00,165.225.209.4,CA,HTTPS,200,443,10.138.69.97,Suspicious Web Traffic,Adversary Infrastructure Interaction,AWS_VPC_Flow,prod_webserver,2024-04-26T09:40:00Z,waf_rule,600.0,32.071666666666665,2.0953836255428664
3996,11674,2024-04-26 09:40:00+00:00,2024-04-26 09:50:00+00:00,147.161.131.1,AT,HTTPS,200,443,10.138.69.97,Suspicious Web Traffic,Adversary Infrastructure Interaction,AWS_VPC_Flow,prod_webserver,2024-04-26T09:40:00Z,waf_rule,600.0,26.116666666666667,2.920690517888416
4324,11778,2024-04-26 09:40:00+00:00,2024-04-26 09:50:00+00:00,136.226.80.97,US,HTTPS,200,443,10.138.69.97,Suspicious Web Traffic,Adversary Infrastructure Interaction,AWS_VPC_Flow,prod_webserver,2024-04-26T09:40:00Z,waf_rule,600.0,26.836666666666666,2.7232369942196533
21752,22356,2024-04-26 09:50:00+00:00,2024-04-26 10:00:00+00:00,136.226.67.101,US,HTTPS,200,443,10.138.69.97,Suspicious Web Traffic,Adversary Infrastructure Interaction,AWS_VPC_Flow,prod_webserver,2024-04-26T09:50:00Z,waf_rule,600.0,73.51333333333334,1.0277203144393876
28988,15340,2024-04-26 09:50:00+00:00,2024-04-26 10:00:00+00:00,165.225.213.7,CA,HTTPS,200,443,10.138.69.97,Suspicious Web Traffic,Adversary Infrastructure Interaction,AWS_VPC_Flow,prod_webserver,2024-04-26T09:50:00Z,waf_rule,600.0,73.88,0.5291662354686261
30450,14276,2024-04-26 09:50:00+00:00,2024-04-26 10:00:00+00:00,136.226.64.114,US,HTTPS,200,443,10.138.69.97,Suspicious Web Traffic,Adversary Infrastructure Interaction,AWS_VPC_Flow,prod_webserver,2024-04-26T09:50:00Z,waf_rule,600.0,74.54333333333334,0.4688187580046632
3976,11178,2024-04-26 09:50:00+00:00,2024-04-26 10:00:00+00:00,94.188.248.74,IL,HTTPS,200,443,10.138.69.97,Suspicious Web Traffic,Adversary Infrastructure Interaction,AWS_VPC_Flow,prod_webserver,2024-04-26T09:50:00Z,waf_rule,600.0,25.256666666666668,2.8106613024893137
3782,11038,2024-04-26 09:50:00+00:00,2024-04-26 10:00:00+00:00,165.225.240.79,NL,HTTPS,200,443,10.138.69.97,Suspicious Web Traffic,Adversary Infrastructure Interaction,AWS_VPC_Flow,prod_webserver,2024-04-26T09:50:00Z,waf_rule,600.0,24.7,2.917790113666402
40,264,2024-04-26 09:50:00+00:00,2024-04-26 10:00:00+00:00,192.241.205.18,US,HTTPS,200,443,10.138.69.97,Suspicious Web Traffic,Adversary Infrastructure Interaction,AWS_VPC_Flow,prod_webserver,2024-04-26T09:50:00Z,waf_rule,600.0,0.5066666666666667,6.439024390243903
41336,13180,2024-04-26 09:50:00+00:00,2024-04-26 10:00:00+00:00,136.226.77.103,CA,HTTPS,200,443,10.138.69.97,Suspicious Web Traffic,Adversary Infrastructure Interaction,AWS_VPC_Flow,prod_webserver,2024-04-26T09:50:00Z,waf_rule,600.0,90.86,0.3188426833103515
3638,3190,2024-04-26 09:50:00+00:00,2024-04-26 10:00:00+00:00,165.225.26.101,DE,HTTPS,200,443,10.138.69.97,Suspicious Web Traffic,Adversary Infrastructure Interaction,AWS_VPC_Flow,prod_webserver,2024-04-26T09:50:00Z,waf_rule,600.0,11.38,0.8766144545204727
25207794,1561220,2024-04-26 09:50:00+00:00,2024-04-26 10:00:00+00:00,155.91.45.242,US,HTTPS,200,443,10.138.69.97,Suspicious Web Traffic,Adversary Infrastructure Interaction,AWS_VPC_Flow,prod_webserver,2024-04-26T09:50:00Z,waf_rule,600.0,44615.02333333333,0.06193401683883894
5736,12114,2024-04-26 09:50:00+00:00,2024-04-26 10:00:00+00:00,165.225.209.4,CA,HTTPS,200,443,10.138.69.97,Suspicious Web Traffic,Adversary Infrastructure Interaction,AWS_VPC_Flow,prod_webserver,2024-04-26T09:50:00Z,waf_rule,600.0,29.75,2.111556562663413
9032,5862,2024-04-26 09:50:00+00:00,2024-04-26 10:00:00+00:00,147.161.131.1,AT,HTTPS,200,443,10.138.69.97,Suspicious Web Traffic,Adversary Infrastructure Interaction,AWS_VPC_Flow,prod_webserver,2024-04-26T09:50:00Z,waf_rule,600.0,24.823333333333334,0.6489538359349053
